AcceptTime,ApprovalTime,Assignment,AssignmentId,AssignmentStatus,AutoApprovalTime,HITId,SubmitTime,WorkerId,completionCode,comments
2016-03-10T16:25:48Z,2016-03-11T16:30:16Z,,3ZAK8W07I4FM64BF0V4MQ3YGJ6ZU0W,Approved,2016-03-11T16:27:00Z,32ZCLEW0BZLDTL6BFFAW9IUTI6WPJY,2016-03-10T16:27:00Z,A1PD0NGV29HX0W,1-2-3-4-5-6-7-8-9-10,
2016-03-10T16:24:52Z,2016-03-11T16:30:16Z,,336YQZE83VF2O3S7OZJCGODDNS75M0,Approved,2016-03-11T16:29:00Z,32ZCLEW0BZLDTL6BFFAW9IUTI6WPJY,2016-03-10T16:29:00Z,A3EBUBRYCKB6AF,19-20-21-22-24-25-27-29-31-34,
2016-03-10T16:26:21Z,2016-03-11T16:35:16Z,,3NG53N1RLVKRWO8MEDI79CHZUNJ8P1,Approved,2016-03-11T16:30:35Z,32ZCLEW0BZLDTL6BFFAW9IUTI6WPJY,2016-03-10T16:30:35Z,A62LZWGKLMBT2,11-13-15-18-23-26-35-41-47-53,
2016-03-10T17:07:48Z,2016-03-11T17:15:16Z,,3TMSXRD2X61Z5XL2RENNMW2N9EMW16,Approved,2016-03-11T17:14:10Z,32ZCLEW0BZLDTL6BFFAW9IUTI6WPJY,2016-03-10T17:14:10Z,A1B79AW7Z2QNHI,81-82-83-84-85-86-87-88-89-90,
2016-03-10T17:19:38Z,2016-03-11T17:25:16Z,,3J2UYBXQQLD14TLE4D6JAXK0GKP068,Approved,2016-03-11T17:21:05Z,32ZCLEW0BZLDTL6BFFAW9IUTI6WPJY,2016-03-10T17:21:05Z,A3132FK20GHM6L,95-96-97-98-99-100-101-103-104-105,
2016-03-10T17:20:00Z,2016-03-11T17:25:16Z,,3PEIJLRY6TU7VY6VY78UH56OET2WXZ,Approved,2016-03-11T17:21:18Z,32ZCLEW0BZLDTL6BFFAW9IUTI6WPJY,2016-03-10T17:21:18Z,A5ERQ96L55H6V,102-106-107-109-110-111-112-113-115-116,
2016-03-10T17:19:25Z,2016-03-11T17:25:16Z,,3JAOYWH7VI51J8CYRDVESR3Q9J8L9D,Approved,2016-03-11T17:21:38Z,32ZCLEW0BZLDTL6BFFAW9IUTI6WPJY,2016-03-10T17:21:38Z,A3N8MC9JZWS4WX,114-117-118-120-121-122-123-126-130-134,
2016-03-10T18:02:12Z,2016-03-11T18:20:16Z,,36DSNE9QZ5ZYV5S4QH2J92LN0UUOJZ,Approved,2016-03-11T18:19:12Z,32ZCLEW0BZLDTL6BFFAW9IUTI6WPJY,2016-03-10T18:19:12Z,AMBWAN10JPKPV,,"I tried to complete the game from three different machines (laptop, tablet, and phone) and heard no sound at all.  I could hear sound from other apps, so I wanted to let you know."
2016-03-10T19:06:50Z,2016-03-11T19:10:16Z,,3I02618YA07PULFZHGJC54ZORFVUPP,Approved,2016-03-11T19:07:53Z,32ZCLEW0BZLDTL6BFFAW9IUTI6WPJY,2016-03-10T19:07:53Z,A5IELMRC1OIQO,250-251-252-253-254-255-256-257-258-259,
2016-03-10T20:33:48Z,2016-03-11T20:40:16Z,,324G5B4FB39K8TZJNNBBGBKWBWQ07Q,Approved,2016-03-11T20:36:51Z,32ZCLEW0BZLDTL6BFFAW9IUTI6WPJY,2016-03-10T20:36:51Z,AQ8ZFQTBE4622,301-302-303-304-305-306-307-308-309-310,
2016-03-10T21:42:38Z,2016-03-11T21:50:16Z,,3VP0C6EFSGXY77SLTITH8URDJOAM6R,Approved,2016-03-11T21:47:46Z,32ZCLEW0BZLDTL6BFFAW9IUTI6WPJY,2016-03-10T21:47:46Z,A8KXFPAZ57WY5,358-359-360-361-362-363-364-365-366-367,
2016-03-11T11:53:33Z,2016-03-12T11:55:16Z,,3ERMJ6L4DYTHB76QCSY9E8R9E00M7Y,Approved,2016-03-12T11:55:05Z,32ZCLEW0BZLDTL6BFFAW9IUTI6WPJY,2016-03-11T11:55:05Z,A6FMGGN74ZJ7C,434-435-436-437-438-439-440-441-442-443,434-435-436-437-438-439-440-441-442-443
2016-03-11T13:23:12Z,2016-03-12T13:30:16Z,,3XXU1SWE8MW2RVXHUQNVQ2MMC580AV,Approved,2016-03-12T13:28:25Z,32ZCLEW0BZLDTL6BFFAW9IUTI6WPJY,2016-03-11T13:28:25Z,AC0BS4C41ND2D,444-445-446-447-448-449-450-451-452-453,
2016-03-10T17:20:22Z,2016-03-11T17:25:16Z,,3PS7W85Z8Z3P2LK30MX5EID73WUT9O,Approved,2016-03-11T17:22:04Z,3SBNLSTU6U6U438PSSMNXI1UNL9DZW,2016-03-10T17:22:04Z,ATOAZIAM04AXA,108-119-124-127-133-140-141-142-145-148,
2016-03-10T17:21:43Z,2016-03-11T17:25:16Z,,3Y54SXRO1LMNMD86YXSWAE0LGH3UTF,Approved,2016-03-11T17:22:05Z,3SBNLSTU6U6U438PSSMNXI1UNL9DZW,2016-03-10T17:22:05Z,A5ERQ96L55H6V,143-144-146-147-149-150-151-152-153-154,
2016-03-10T17:24:35Z,2016-03-11T17:30:16Z,,3JPSL1DZ5S05CRPOVWPT1EIZKWPNAV,Approved,2016-03-11T17:27:29Z,3SBNLSTU6U6U438PSSMNXI1UNL9DZW,2016-03-10T17:27:29Z,A2HG1N3BVQO6I,162-164-166-167-168-169-170-171-172-173,
2016-03-10T17:48:16Z,2016-03-11T17:55:16Z,,3TMSXRD2X61Z5XL2RENNMW2N9FS1WJ,Approved,2016-03-11T17:52:18Z,3SBNLSTU6U6U438PSSMNXI1UNL9DZW,2016-03-10T17:52:18Z,A1LP4LE8JTSRW6,178-179-180-181-182-183-184-185-186-187,The play button in the hit did not have a sound.
2016-03-10T18:19:11Z,2016-03-11T18:20:16Z,,39GXDJN2OTF4185I0PR6F46HGCZ8V3,Approved,2016-03-11T18:20:05Z,3SBNLSTU6U6U438PSSMNXI1UNL9DZW,2016-03-10T18:20:05Z,A161AJDHLJVCLZ,198-199-200-201-202-203-204-205-206-207,
2016-03-10T19:08:07Z,2016-03-11T19:10:16Z,,304SM51WA357BEML966BVJCBPEVSBM,Approved,2016-03-11T19:09:33Z,3SBNLSTU6U6U438PSSMNXI1UNL9DZW,2016-03-10T19:09:33Z,A5IELMRC1OIQO,260-261-262-263-264-265-266-267-268-269,
2016-03-10T19:36:25Z,2016-03-11T19:40:16Z,,33SA9F9TRXVYPYFE32I2TGLHYO6EWP,Approved,2016-03-11T19:38:50Z,3SBNLSTU6U6U438PSSMNXI1UNL9DZW,2016-03-10T19:38:50Z,A3UV55HC87DO9C,271-272-273-274-275-276-277-278-279-280,
2016-03-10T20:39:14Z,2016-03-11T20:45:16Z,,3SLE99ER0NE4CQ8Z4Y0JRC9ECT0ZB3,Approved,2016-03-11T20:40:32Z,3SBNLSTU6U6U438PSSMNXI1UNL9DZW,2016-03-10T20:40:32Z,AQ8ZFQTBE4622,331-332-333-334-335-336-337-338-339-340,
2016-03-11T01:29:31Z,2016-03-12T01:35:16Z,,3LOTDFNYA70QVCFAYD28BY6HAQDFW2,Approved,2016-03-12T01:31:18Z,3SBNLSTU6U6U438PSSMNXI1UNL9DZW,2016-03-11T01:31:18Z,A1XAKJRVDFK9R,374-375-376-377-378-379-381-382-383-384,
2016-03-11T07:30:12Z,2016-03-12T07:35:16Z,,39L1G8WVWQS2EZJEHUCLHZRQBNE31X,Approved,2016-03-12T07:34:19Z,3SBNLSTU6U6U438PSSMNXI1UNL9DZW,2016-03-11T07:34:19Z,A2KMNDXOBJPE8,423-424-425-426-427-428-429-430-431-432,"Your task is not working correctly.  I could hear no noise, and the choices were just random numbers and letters. "
2016-03-11T15:21:42Z,2016-03-12T15:25:16Z,,3HYA4D452RK4JWH3KTD1NRQS6KRF2V,Approved,2016-03-12T15:23:00Z,3SBNLSTU6U6U438PSSMNXI1UNL9DZW,2016-03-11T15:23:00Z,A34LDFLSD0QAT2,455-456-457-458-459-460-461-462-463-464,
2016-03-10T18:38:22Z,2016-03-11T18:45:16Z,,3IFS6Q0HJIKHYM0RFGYSH6GOK4BISH,Approved,2016-03-11T18:40:30Z,379OL9DBSSFIWNL3KQF2XF92Q6TY9C,2016-03-10T18:40:30Z,A115A6OQBJFVVS,208-209-210-211-212-213-214-215-216-217,
2016-03-10T19:02:30Z,2016-03-11T19:05:16Z,,3X31TUMD7XNJU393N0GLDLL7B8VL1H,Approved,2016-03-11T19:05:05Z,379OL9DBSSFIWNL3KQF2XF92Q6TY9C,2016-03-10T19:05:05Z,A5IELMRC1OIQO,220-221-222-223-224-225-226-227-228-229,
2016-03-10T20:38:01Z,2016-03-11T20:40:16Z,,3GD6L00D3SY30LRONCH0DY0WBDRM1Q,Approved,2016-03-11T20:39:10Z,379OL9DBSSFIWNL3KQF2XF92Q6TY9C,2016-03-10T20:39:10Z,AQ8ZFQTBE4622,321-322-323-324-325-326-327-328-329-330321-322-323-324-325-326-327-328-329-330,
2016-03-10T19:05:14Z,2016-03-11T19:10:16Z,,3GD6L00D3SY30LRONCH0DY0WBDM1M0,Approved,2016-03-11T19:06:37Z,3CIS7GGG65KIAASFI0YZM840LFXUEJ,2016-03-10T19:06:37Z,A5IELMRC1OIQO,230-231-232-233-234-235-236-237-238-239,
2016-03-10T20:04:20Z,2016-03-11T20:05:16Z,,32Z9ZLUT1LL24ZXE2HZYXP58N21HOY,Approved,2016-03-11T20:04:22Z,3CIS7GGG65KIAASFI0YZM840LFXUEJ,2016-03-10T20:04:22Z,A11SMS4CF6W26Y,281-282-283-284-285-286-287-288-289-290,
2016-03-10T20:36:58Z,2016-03-11T20:40:16Z,,38YMOXR4MU0UCJMZXKZ4HST4HQM6W0,Approved,2016-03-11T20:37:58Z,3CIS7GGG65KIAASFI0YZM840LFXUEJ,2016-03-10T20:37:58Z,AQ8ZFQTBE4622,311-312-313-314-315-316-317-318-319-320,
2016-03-10T21:38:40Z,2016-03-11T21:40:16Z,,34X6J5FLPTZ1GH5K5UUNY7GNFVRJQH,Approved,2016-03-11T21:40:06Z,3CIS7GGG65KIAASFI0YZM840LFXUEJ,2016-03-10T21:40:06Z,A1ECUDAJQXQUNB,348-349-350-351-352-353-354-355-356-357,Great Survey! Thank You! 
2016-03-11T02:23:12Z,2016-03-12T02:25:16Z,,3LS2AMNW5FRFHSWHL7MS63X9EQQQOY,Approved,2016-03-12T02:24:12Z,3CIS7GGG65KIAASFI0YZM840LFXUEJ,2016-03-11T02:24:12Z,A1SC2WCA7LPUXW,387-388-389-390-391-392-393-394-395-396,
2016-03-11T17:28:29Z,2016-03-12T17:35:16Z,,3HPZF4IVNMUNH5Q0MCUVOP6UOM4YCU,Approved,2016-03-12T17:34:12Z,3TD33TP5DL30OY2X24FILZMLBGMABJ,2016-03-11T17:34:12Z,A3CFQYYFWI3U7D,532-535-537-538-542-544-546-574-577-579,
2016-03-11T17:39:06Z,2016-03-12T17:45:16Z,,3KV0LJBBH2MRTQQ5L6WFJPI9FDURM4,Approved,2016-03-12T17:44:31Z,3TD33TP5DL30OY2X24FILZMLBGMABJ,2016-03-11T17:44:31Z,AFIFVNL3CREJN,613-616-617-618-619-620-621-626-628-631,
2016-03-11T17:42:09Z,2016-03-12T17:45:16Z,,35BLDD71I6YJL4659FRJSO3LFNPZVM,Approved,2016-03-12T17:45:03Z,3TD33TP5DL30OY2X24FILZMLBGMABJ,2016-03-11T17:45:03Z,A2OMINMO6NKNG3,622-623-624-625-627-629-630-632-633-634,
2016-03-11T20:03:34Z,2016-03-12T20:15:16Z,,3Z4GS9HPNVBYQ4Z38MWKVQUJJDK77R,Approved,2016-03-12T20:10:23Z,3TD33TP5DL30OY2X24FILZMLBGMABJ,2016-03-11T20:10:23Z,A1E2E3ENW1FVFE,695-696-697-698-699-700-701-702-703-704,"This was pretty funny to complete, thanks. "
2016-03-11T21:01:22Z,2016-03-12T21:05:16Z,,3D3VGR7TA0GQ74IVFOR0NQ93FN33RS,Approved,2016-03-12T21:04:29Z,3TD33TP5DL30OY2X24FILZMLBGMABJ,2016-03-11T21:04:29Z,AMYLEM12JBY0S,726-727-728-729-730-731-732-733-734-735,
2016-03-11T23:28:49Z,2016-03-12T23:40:16Z,,3R08VXYT7CWDGJ04GU4WN6T0C4J7WJ,Approved,2016-03-12T23:38:25Z,3TD33TP5DL30OY2X24FILZMLBGMABJ,2016-03-11T23:38:25Z,A1VNCW1A19YUT0,749-750-751-752-753-754-756-758-760-762,
2016-03-12T01:46:13Z,2016-03-13T01:55:16Z,,3RXPCZQMQPC38BV2C9J50TGZFU0G13,Approved,2016-03-13T01:50:47Z,3TD33TP5DL30OY2X24FILZMLBGMABJ,2016-03-12T01:50:47Z,A219VCQZADQ45W,802-803-804-805-806-807-808-809-810-811,
2016-03-12T02:00:58Z,2016-03-13T02:10:16Z,,3JPSL1DZ5S05CRPOVWPT1EIZL1UNAB,Approved,2016-03-13T02:07:52Z,3TD33TP5DL30OY2X24FILZMLBGMABJ,2016-03-12T02:07:52Z,A13WDAXLRNII3N,,Began my task. First page I was able to hear a sound and make a selection to submit. Got to the second page and I pressed play. Unable to hear any sound. The submit button won't work.
2016-03-12T04:01:28Z,2016-03-13T04:05:16Z,,3EWIJTFFVO85H8ETAVPHMLCDYN80EZ,Approved,2016-03-13T04:01:31Z,3TD33TP5DL30OY2X24FILZMLBGMABJ,2016-03-12T04:01:31Z,A1A67ONSHK22L3,844-846-848-849-851-852-854-855-856-858,
2016-03-12T06:22:23Z,2016-03-13T06:30:16Z,,3VFJCI1K4Z0R1GUJA3YK6KYCKTRGRZ,Approved,2016-03-13T06:26:56Z,3TD33TP5DL30OY2X24FILZMLBGMABJ,2016-03-12T06:26:56Z,A20OP1ZK81I95J,915-916-917-918-919-920-921-922-923-924,I couldnt hear the sounds for one of them so I just refreshed the page and it worked.
2016-03-12T12:48:48Z,2016-03-13T12:50:16Z,,3K2755HG5S4RM6FJHIXIJAHW4E5DFY,Approved,2016-03-13T12:50:05Z,3TD33TP5DL30OY2X24FILZMLBGMABJ,2016-03-12T12:50:05Z,A19C6T7B0H4PAQ,402-403-404-405-406-969-970-971-972-973,
2016-03-12T12:47:24Z,2016-03-13T12:55:16Z,,3JRJSWSMQHM1Y0DQTI70OJAK102E3K,Approved,2016-03-13T12:52:04Z,3TD33TP5DL30OY2X24FILZMLBGMABJ,2016-03-12T12:52:04Z,A19M6CYM4B8WP2,966-967-968-974-976-977-978-979-980-982,
2016-03-12T15:05:01Z,2016-03-13T15:10:16Z,,386PBUZZXFYQPKP7DPMRHLHT6UFJLE,Approved,2016-03-13T15:08:46Z,3TD33TP5DL30OY2X24FILZMLBGMABJ,2016-03-12T15:08:46Z,AF3FRMNPFKEG3,997-1000-1006-1008-1009-1011-1014-1020-1025-1040,
2016-03-12T15:17:58Z,2016-03-13T15:25:16Z,,3PEIJLRY6TU7VY6VY78UH56OFZ3XWE,Approved,2016-03-13T15:22:24Z,3TD33TP5DL30OY2X24FILZMLBGMABJ,2016-03-12T15:22:24Z,AYI30J619VO21,1132-1145-1161-1171-1233-1248-1253-1262-1274-1281,
2016-03-12T15:14:06Z,2016-03-13T15:25:16Z,,3LQ8PUHQFLTS8DMB4MMTDS9MCYKIHX,Approved,2016-03-13T15:22:38Z,3TD33TP5DL30OY2X24FILZMLBGMABJ,2016-03-12T15:22:38Z,AJFCCRG1TM3WT,1067-1070-1071-1076-1091-1093-1170-1230-1275-1290,
2016-03-12T15:26:17Z,2016-03-13T15:30:16Z,,3TGOYF991XN2MQNVY2I6FAMN02FUUQ,Approved,2016-03-13T15:29:17Z,3TD33TP5DL30OY2X24FILZMLBGMABJ,2016-03-12T15:29:17Z,A31O70O1YDAGAP,,There was still something wrong the only choices I had to pick from were numbers like: 6d4fe4370a  3923f65b3b  05b8428a29  68d5ae071
2016-03-12T15:18:51Z,2016-03-13T15:35:16Z,,3U088ZLJVKUZY80KVVJN8RJD5SIW0I,Approved,2016-03-13T15:31:53Z,3TD33TP5DL30OY2X24FILZMLBGMABJ,2016-03-12T15:31:53Z,A3ORBLI24UT0SA,1406-1416-1427-1436-1449-1456-1465-1471-1481-1483,
2016-03-12T15:26:51Z,2016-03-13T15:35:16Z,,3QY7M81QH7NMLJ6NRGLTZVZ5QZFK7A,Approved,2016-03-13T15:33:09Z,3TD33TP5DL30OY2X24FILZMLBGMABJ,2016-03-12T15:33:09Z,A2WKLFDPHPHEOW,1439-1453-1463-1468-1472-1477-1480-1489-1492-1494,
2016-03-12T15:33:53Z,2016-03-13T15:40:16Z,,3MMN5BL1WZ5ZAO53AGVJ1RFTA3X3M4,Approved,2016-03-13T15:38:30Z,3TD33TP5DL30OY2X24FILZMLBGMABJ,2016-03-12T15:38:30Z,A2I58SHMMQGBG0,1558-1562-1566-1572-1578-1583-1584-1587-1590-1602,
2016-03-12T15:36:58Z,2016-03-13T15:40:16Z,,30BUDKLTXDW4CF0U71VT3G84FXXE5G,Approved,2016-03-13T15:39:05Z,3TD33TP5DL30OY2X24FILZMLBGMABJ,2016-03-12T15:39:05Z,A5W81IOCLXK1E,1588-1593-1596-1597-1600-1603-1605-1607-1608-1609-1612-1614-1615,
2016-03-12T15:26:39Z,2016-03-13T15:40:16Z,,3M81GAB8A0KVYY78H2H60JXA8W3QB1,Approved,2016-03-13T15:39:05Z,3TD33TP5DL30OY2X24FILZMLBGMABJ,2016-03-12T15:39:05Z,AR8UD52ASM42W,1394-1420-1426-1432-1541-1556-1557-1568-1574-1582,a problem with one...maybe a check trial...no sound from any choice...it would not allow me to submit or get out of page.A circle with line thru it was over submit button. Did a new window to get completion code.
2016-03-12T15:40:05Z,2016-03-13T15:45:16Z,,3NPFYT4IZC5BYCGVJ24CV2K0LCPXGT,Approved,2016-03-13T15:42:46Z,3TD33TP5DL30OY2X24FILZMLBGMABJ,2016-03-12T15:42:46Z,A2V28W4THGYYTQ,1636-1638-1639-1643-1648-1651-1657-1659-1662-1666,
2016-03-12T15:40:06Z,2016-03-13T15:50:16Z,,3Z4AIRP3C6EEUXQS1JJ9OFGUJN6X1T,Approved,2016-03-13T15:46:03Z,3TD33TP5DL30OY2X24FILZMLBGMABJ,2016-03-12T15:46:03Z,AM03OFEBTZ4EV,1642-1646-1650-1665-1668-1680-1682-1686-1690-1704,
2016-03-12T15:43:29Z,2016-03-13T15:55:16Z,,37ZHEEHM6WNGPLYG6ATUI9I3FE6731,Approved,2016-03-13T15:53:24Z,3TD33TP5DL30OY2X24FILZMLBGMABJ,2016-03-12T15:53:24Z,A348LG87SR0G4X,1693-1697-1700-1707-1711-1752-1753-1755-1757-1758,
2016-03-12T15:50:12Z,2016-03-13T15:55:16Z,,3X4JMASXCMA7A52904NRLD6SVSH0BP,Approved,2016-03-13T15:55:14Z,3TD33TP5DL30OY2X24FILZMLBGMABJ,2016-03-12T15:55:14Z,A10JJJS8BOKF7D,1744-1746-1747-1749-1751-1756-1759-1763-1768-1771,
2016-03-12T16:06:33Z,2016-03-13T16:15:16Z,,3KJYX6QCM9CTLP11RTOX4UFVXT8JVQ,Approved,2016-03-13T16:10:43Z,3TD33TP5DL30OY2X24FILZMLBGMABJ,2016-03-12T16:10:43Z,A23932BPI1NFXV,1865-1866-1868-1870-1871-1873-1879-1882-1884-1890,
2016-03-12T16:07:54Z,2016-03-13T16:15:16Z,,3K2755HG5S4RM6FJHIXIJAHW4FNFDK,Approved,2016-03-13T16:11:43Z,3TD33TP5DL30OY2X24FILZMLBGMABJ,2016-03-12T16:11:43Z,A3L5XFNSOY6QET,1875-1877-1883-1886-1888-1889-1891-1892-1895-1897,
2016-03-12T16:19:46Z,2016-03-13T16:25:16Z,,3DEL4X4EL6MBK31VD8QI22R4Q8SXY4,Approved,2016-03-13T16:24:18Z,3TD33TP5DL30OY2X24FILZMLBGMABJ,2016-03-12T16:24:18Z,A10FS7UYH67N5N,6d4fe4370a ,
2016-03-12T16:24:45Z,2016-03-13T16:30:16Z,,3PJUZCGDJ6H641SFXOMANMHKQQ098L,Approved,2016-03-13T16:27:35Z,3TD33TP5DL30OY2X24FILZMLBGMABJ,2016-03-12T16:27:35Z,A31VW44MXV7PP5,2036-2041-2046-2047-2052-2062-2068-2071-2074-2078,
2016-03-12T16:29:18Z,2016-03-13T16:35:16Z,,3QBD8R3Z21K8SN9JNAFF30W4J3R4OO,Approved,2016-03-13T16:32:53Z,3TD33TP5DL30OY2X24FILZMLBGMABJ,2016-03-12T16:32:53Z,A3SST36IDLIZIZ,2095-2099-2101-2104-2107-2112-2117-2122-2124-2130,
2016-03-12T16:34:29Z,2016-03-13T16:40:16Z,,3KRVW3HTZNM3U5QI0VWK9ZN52JGSM5,Approved,2016-03-13T16:37:25Z,3TD33TP5DL30OY2X24FILZMLBGMABJ,2016-03-12T16:37:25Z,AJE2GXXF7UMBN,2139-2141-2144-2146-2147-2148-2149-2150-2153-2155,Love this Hit.
2016-03-12T16:47:57Z,2016-03-13T16:55:16Z,,3Z4GS9HPNVBYQ4Z38MWKVQUJKGB77P,Approved,2016-03-13T16:50:43Z,3TD33TP5DL30OY2X24FILZMLBGMABJ,2016-03-12T16:50:43Z,A21K2C9PBTFXD1,2270-2273-2276-2279-2283-2287-2292-2297-2301-2307,
2016-03-12T16:51:00Z,2016-03-13T17:00:16Z,,3KV0LJBBH2MRTQQ5L6WFJPI9GHZMRD,Approved,2016-03-13T16:59:24Z,3TD33TP5DL30OY2X24FILZMLBGMABJ,2016-03-12T16:59:24Z,A13J52GWJM60EM,,I tried over and over to complete this hit.  I could get a few to work and was able to submit but after that it stopped working.  Frustrating. 
2016-03-12T16:57:53Z,2016-03-13T17:05:16Z,,36DSNE9QZ5ZYV5S4QH2J92LN10LJOY,Approved,2016-03-13T17:02:36Z,3TD33TP5DL30OY2X24FILZMLBGMABJ,2016-03-12T17:02:36Z,A3S1ZAX0W7Q5SV,2390-2392-2394-2398-2401-2414-2418-2423-2428-2435,There were multiple pages where the sounds didn't work so I refreshed to see if they would work...
2016-03-12T17:00:38Z,2016-03-13T17:05:16Z,,33CID57104UF46NIA4U41E04AYVL38,Approved,2016-03-13T17:03:08Z,3TD33TP5DL30OY2X24FILZMLBGMABJ,2016-03-12T17:03:08Z,A1TU1PKDA1DNS,2419-2427-2431-2433-2434-2438-2440-2443-2448-2450,
2016-03-12T17:05:29Z,2016-03-13T17:10:16Z,,3D3VGR7TA0GQ74IVFOR0NQ93GQKR34,Approved,2016-03-13T17:09:10Z,3TD33TP5DL30OY2X24FILZMLBGMABJ,2016-03-12T17:09:10Z,A37SZ84T6GDN7T,2501-2505-2508-2514-2516-2521-2523-2533-2537-2541,
2016-03-12T17:10:28Z,2016-03-13T17:20:16Z,,3X4MXAO0BGPNY2KJP822SNK0EJFWRG,Approved,2016-03-13T17:15:17Z,3TD33TP5DL30OY2X24FILZMLBGMABJ,2016-03-12T17:15:17Z,A3BZO7NGC7REGI,2555-2559-2562-2567-2570-2571-2572-2574-2581-2582,
2016-03-12T17:30:29Z,2016-03-13T17:35:16Z,,3WETL7AQWT912HKXIHEXKP47O8W535,Approved,2016-03-13T17:34:57Z,3TD33TP5DL30OY2X24FILZMLBGMABJ,2016-03-12T17:34:57Z,A2TN0N04728YLI,2670-2673-2678-2679-2680-2681-2682-2683-2684-2685,
2016-03-12T17:48:46Z,2016-03-13T17:55:16Z,,37Q970SNZE96YG4T79DMP7Z248R1SC,Approved,2016-03-13T17:52:12Z,3TD33TP5DL30OY2X24FILZMLBGMABJ,2016-03-12T17:52:12Z,A2BDU25MXACCED,2840-2846-2851-2853-2856-2861-2863-2865-2866-2868,
2016-03-12T17:47:16Z,2016-03-13T18:00:16Z,,3D3VGR7TA0GQ74IVFOR0NQ93GQLR35,Approved,2016-03-13T17:56:29Z,3TD33TP5DL30OY2X24FILZMLBGMABJ,2016-03-12T17:56:29Z,A33CFLCMJNHHNC,2894-2896-2898-2900-2902-2904-2906-2909-2911-2913,
2016-03-12T17:56:31Z,2016-03-13T18:05:16Z,,32UTUBMZ7GXN363P31BG66WIPOBBV9,Approved,2016-03-13T18:01:50Z,3TD33TP5DL30OY2X24FILZMLBGMABJ,2016-03-12T18:01:50Z,ABNNSRB6Y5EFR,2940-2946-2950-2952-2957-2958-2960-2962-2963-2964,
2016-03-12T18:01:53Z,2016-03-13T18:10:16Z,,33LK57MYLT63TCP1FKMEH1JEHN3ZSY,Approved,2016-03-13T18:07:00Z,3TD33TP5DL30OY2X24FILZMLBGMABJ,2016-03-12T18:07:00Z,A171C7B6HHSEGH,2987-2991-2996-2999-3001-3012-3014-3015-3019-3021,
2016-03-12T18:02:56Z,2016-03-13T18:10:16Z,,3ZR9AIQJUBANP6H0LPD4DZ0ML0I041,Approved,2016-03-13T18:08:46Z,3TD33TP5DL30OY2X24FILZMLBGMABJ,2016-03-12T18:08:46Z,AKVLRZBXIK6N7,2997-3002-3005-3008-3011-3013-3016-3018-3022-3029,page loads often stick. had to refresh several repeatedly to get the sounds to load on the selections
2016-03-11T17:29:53Z,2016-03-12T17:35:16Z,,3U5NZHP4LR3KPZ9FHHCDMPAYX96PH0,Approved,2016-03-12T17:32:43Z,3VGET1QSZ00ATZ2AQSZUYMXGK9Y7W5,2016-03-11T17:32:43Z,AS0Q47RFF7G5S,554-558-559-561-563-565-566-567-569-570,"This was neat; the first sound really didn't sound like ANY of the options presented, though."
2016-03-11T17:34:20Z,2016-03-12T17:35:16Z,,3Z7ISHFUH0WLASAS1MG90AJD4POZ8H,Approved,2016-03-12T17:34:24Z,3VGET1QSZ00ATZ2AQSZUYMXGK9Y7W5,2016-03-11T17:34:24Z,A3CFQYYFWI3U7D,532-535-537-538-542-544-546-574-577-579,
2016-03-11T17:28:46Z,2016-03-12T17:40:16Z,,3WEV0KO0OMT0QBK5N2XHQ90BS1KSDA,Approved,2016-03-12T17:37:28Z,3VGET1QSZ00ATZ2AQSZUYMXGK9Y7W5,2016-03-11T17:37:28Z,AYUREWGFQG5JV,590-592-594-597-598-599-600-601-603-604,
2016-03-11T17:50:13Z,2016-03-12T17:55:16Z,,3RRCEFRB7MDO9TKAJ5ATXGW5B084BB,Approved,2016-03-12T17:52:50Z,3VGET1QSZ00ATZ2AQSZUYMXGK9Y7W5,2016-03-11T17:52:50Z,A2ZE2IPHK152KA,638-639-640-641-642-643-644-645-646-647,Thank you
2016-03-11T18:06:46Z,2016-03-12T18:15:16Z,,33LK57MYLT63TCP1FKMEH1JEGJXSZC,Approved,2016-03-12T18:11:15Z,3VGET1QSZ00ATZ2AQSZUYMXGK9Y7W5,2016-03-11T18:11:15Z,A1U6O8A4KXRYRJ,662-663-664-666-668-670-671-673-675-676,
2016-03-11T20:15:49Z,2016-03-12T20:25:16Z,,3WZ36BJEV3H8QEZ0Y6B15O8XR02TBB,Approved,2016-03-12T20:20:43Z,3VGET1QSZ00ATZ2AQSZUYMXGK9Y7W5,2016-03-11T20:20:43Z,AZPK9A81SG0WX,705-706-707-708-709-710-711-712-713-714,Cool!
2016-03-11T20:56:18Z,2016-03-12T21:05:16Z,,3PB5A5BD0V7HJXA41P0E137CIGDG7D,Approved,2016-03-12T21:02:11Z,3VGET1QSZ00ATZ2AQSZUYMXGK9Y7W5,2016-03-11T21:02:11Z,A1QHX9C8CP6L3N,716-717-718-719-720-721-722-723-724-725,
2016-03-11T21:08:01Z,2016-03-12T21:15:16Z,,3E4GGUZ1T8SFZI9HL44Y34IXEHB2KP,Approved,2016-03-12T21:10:58Z,3VGET1QSZ00ATZ2AQSZUYMXGK9Y7W5,2016-03-11T21:10:58Z,A11G1TGXX3YS24,736-737-738-739-740-741-742-743-744-745,
2016-03-12T00:10:18Z,2016-03-13T00:15:16Z,,38SKSKU7R1YUU951V71R5K2TSDRILX,Approved,2016-03-13T00:13:46Z,3VGET1QSZ00ATZ2AQSZUYMXGK9Y7W5,2016-03-12T00:13:46Z,A3TQNW1OKQ2G6B,774-775-776-777-778-779-780-781-782-783,
2016-03-12T00:34:24Z,2016-03-13T00:40:16Z,,39GXDJN2OTF4185I0PR6F46HGFPV8M,Approved,2016-03-13T00:37:32Z,3VGET1QSZ00ATZ2AQSZUYMXGK9Y7W5,2016-03-12T00:37:32Z,A1VVR9MA1P9HWJ,784-785-786-787-788-789-790-791-792-793,
2016-03-12T01:50:59Z,2016-03-13T01:55:16Z,,37TRT2X24QSECB3VMCXX3ILOUZ9BJP,Approved,2016-03-13T01:53:38Z,3VGET1QSZ00ATZ2AQSZUYMXGK9Y7W5,2016-03-12T01:53:38Z,A219VCQZADQ45W,812-813-814-815-816-817-818-819-820-821,
2016-03-12T02:56:46Z,2016-03-13T03:05:16Z,,3RSDURM96AN2E3AEI30QED6XA0AEY1,Approved,2016-03-13T03:01:35Z,3VGET1QSZ00ATZ2AQSZUYMXGK9Y7W5,2016-03-12T03:01:35Z,A7YDLXXU4HF5K,823-824-825-826-827-828-829-830-831-832,
2016-03-12T03:57:15Z,2016-03-13T04:05:16Z,,3X73LLYYQ1FKMEX212ZLI053YWAHN6,Approved,2016-03-13T04:01:56Z,3VGET1QSZ00ATZ2AQSZUYMXGK9Y7W5,2016-03-12T04:01:56Z,A9754EPKP763V,843-845-847-850-853-857-859-860-861-862,
2016-03-12T04:01:41Z,2016-03-13T04:05:16Z,,33OOO72IVHMR0JR6C67WG8EFAMSTCB,Approved,2016-03-13T04:03:23Z,3VGET1QSZ00ATZ2AQSZUYMXGK9Y7W5,2016-03-12T04:03:23Z,A1A67ONSHK22L3,863-864-865-866-867-868-869-870-871-872,enjoyable and funny. i love it. dink.
2016-03-12T04:04:18Z,2016-03-13T04:10:16Z,,3OONKJ5DKCKSDMUS2PP2BE2ATTBOBD,Approved,2016-03-13T04:08:22Z,3VGET1QSZ00ATZ2AQSZUYMXGK9Y7W5,2016-03-12T04:08:22Z,A1CHHJ7D40O0IW,693-694-873-874-875-876-877-878-879-880,it froze during the fifth play...so i adjusted the page number. 
2016-03-12T04:30:21Z,2016-03-13T04:35:16Z,,3TXWC2NHNZRONL7OBMSF4DHL2IBS94,Approved,2016-03-13T04:33:09Z,3VGET1QSZ00ATZ2AQSZUYMXGK9Y7W5,2016-03-12T04:33:09Z,A2PHHANCEOMA2U,881-882-883-884-885-886-887-888-889-890,
2016-03-12T04:51:47Z,2016-03-13T04:55:16Z,,30OG32W0SUC82460B1RFXX8Q6GKENP,Approved,2016-03-13T04:54:27Z,3VGET1QSZ00ATZ2AQSZUYMXGK9Y7W5,2016-03-12T04:54:27Z,APIVWIKALPR2O,398-891-892-893-894-895-896-897-898-899,
2016-03-12T06:28:41Z,2016-03-13T06:35:16Z,,3483FV8BEEK803OSJ0AXTLDFEN8628,Approved,2016-03-13T06:32:45Z,3VGET1QSZ00ATZ2AQSZUYMXGK9Y7W5,2016-03-12T06:32:45Z,A7NFYN7TYSNHK,925-926-927-928-929-930-931-932-933-934,I'm not sure if the water was supposed to be considered when I picked a choice. 
2016-03-12T06:37:41Z,2016-03-13T06:45:16Z,,34X6J5FLPTZ1GH5K5UUNY7GNGZ6JQ5,Approved,2016-03-13T06:42:05Z,3VGET1QSZ00ATZ2AQSZUYMXGK9Y7W5,2016-03-12T06:42:05Z,A31681CCEVDIH3,935-936-937-938-939-940-941-942-943-944,Thank you!
2016-03-12T07:21:36Z,2016-03-13T07:30:16Z,,3TXD01ZLD4I35STGJWRO26OT1NNU4V,Approved,2016-03-13T07:29:09Z,3VGET1QSZ00ATZ2AQSZUYMXGK9Y7W5,2016-03-12T07:29:09Z,A2KK5PQ26JGH8R,946-947-948-949-950-951-952-953-954-955,
2016-03-12T12:43:59Z,2016-03-13T12:50:16Z,,37FMASSAYCSIH0JP4UCXRH6OHLMBIH,Approved,2016-03-13T12:46:15Z,3VGET1QSZ00ATZ2AQSZUYMXGK9Y7W5,2016-03-12T12:46:15Z,A3DPQ0TLVI85B7,956-957-958-959-960-961-962-963-964-965,Fun turk was fun
2016-03-12T12:50:09Z,2016-03-13T12:55:16Z,,37C0GNLMHF4V3DM8GPUEP44JBF36DP,Approved,2016-03-13T12:53:16Z,3VGET1QSZ00ATZ2AQSZUYMXGK9Y7W5,2016-03-12T12:53:16Z,A19C6T7B0H4PAQ,975-981-983-984-985-986-987-988-989-990,
2016-03-12T15:14:39Z,2016-03-13T15:20:16Z,,31JLPPHS2UVNARQFNWAWTV4Y5223O7,Approved,2016-03-13T15:17:53Z,3VGET1QSZ00ATZ2AQSZUYMXGK9Y7W5,2016-03-12T15:17:53Z,A1VPE05UDNFKGV,1068-1069-1073-1074-1078-1081-1086-1090-1092-1098,
2016-03-12T15:18:40Z,2016-03-13T15:25:16Z,,388U7OUMF72UQCJYW19HLSBWDD3R0A,Approved,2016-03-13T15:21:19Z,3VGET1QSZ00ATZ2AQSZUYMXGK9Y7W5,2016-03-12T15:21:19Z,A1BVEW9JBPMWCJ,1165-1176-1188-1193-1198-1206-1215-1221-1227-1234,
2016-03-12T15:17:23Z,2016-03-13T15:25:16Z,,3AMW0RGHOD3CZVVQKF7QR97UKOQPNR,Approved,2016-03-13T15:22:17Z,3VGET1QSZ00ATZ2AQSZUYMXGK9Y7W5,2016-03-12T15:22:17Z,A208MTGA7V29TP,1120-1153-1164-1178-1190-1223-1231-1244-1261-1278,
2016-03-12T15:18:33Z,2016-03-13T15:25:16Z,,39PAAFCODM1NZSX63N216024VUDVTJ,Approved,2016-03-13T15:22:30Z,3VGET1QSZ00ATZ2AQSZUYMXGK9Y7W5,2016-03-12T15:22:30Z,A26OCMKWPBFVHV,1195-1205-1211-1218-1226-1229-1236-1246-1283-1289,
2016-03-12T15:23:45Z,2016-03-13T15:30:16Z,,3ERMJ6L4DYTHB76QCSY9E8R9F4BM7I,Approved,2016-03-13T15:27:59Z,3VGET1QSZ00ATZ2AQSZUYMXGK9Y7W5,2016-03-12T15:27:59Z,A3TWZEOWEH8KMM,1332-1341-1348-1354-1361-1366-1368-1380-1385-1387,
2016-03-12T15:27:42Z,2016-03-13T15:30:16Z,,345LHZDEDXTINWACJIM5S1WNNPWU3J,Approved,2016-03-13T15:29:15Z,3VGET1QSZ00ATZ2AQSZUYMXGK9Y7W5,2016-03-12T15:29:15Z,A3KHBRDIP0E72S,1391-1397-1402-1407-1411-1413-1417-1421-1423-1425,
2016-03-12T15:27:46Z,2016-03-13T15:35:16Z,,340UGXU9DY22Z5CV3SSBBWO6E9PUVG,Approved,2016-03-13T15:30:49Z,3VGET1QSZ00ATZ2AQSZUYMXGK9Y7W5,2016-03-12T15:30:49Z,A3SH8GZMSSDNXQ,1403-1414-1424-1428-1434-1435-1443-1448-1460-1467,
2016-03-12T15:28:45Z,2016-03-13T15:35:16Z,,384PI804XS26RRJBBQ9MB2GSZGS0SF,Approved,2016-03-13T15:32:18Z,3VGET1QSZ00ATZ2AQSZUYMXGK9Y7W5,2016-03-12T15:32:18Z,AYI30J619VO21,1430-1438-1445-1451-1457-1469-1473-1475-1478-1484,
2016-03-12T15:37:24Z,2016-03-13T15:40:16Z,,320DUZ38G7NA3SB62YPB4TCLAE9JGQ,Approved,2016-03-13T15:40:02Z,3VGET1QSZ00ATZ2AQSZUYMXGK9Y7W5,2016-03-12T15:40:02Z,A2V28W4THGYYTQ,1598-1601-1604-1606-1616-1618-1619-1621-1622-1623,
2016-03-12T15:44:07Z,2016-03-13T15:50:16Z,,3TUI152ZZBOUL0PGF5OHU7K1MKKQ1Q,Approved,2016-03-13T15:48:27Z,3VGET1QSZ00ATZ2AQSZUYMXGK9Y7W5,2016-03-12T15:48:27Z,AR8UD52ASM42W,1689-1695-1699-1702-1708-1710-1713-1715-1719-1730,
2016-03-12T16:00:23Z,2016-03-13T16:05:16Z,,3IAEQB9FMELTXS1E777INY3WZIAWDW,Approved,2016-03-13T16:03:10Z,3VGET1QSZ00ATZ2AQSZUYMXGK9Y7W5,2016-03-12T16:03:10Z,A348LG87SR0G4X,1829-1831-1832-1833-1834-1836-1837-1839-1841-1842,
2016-03-12T16:02:00Z,2016-03-13T16:05:16Z,,3PW9OPU9PQLDTHNVDUYGYPMY6EE12V,Approved,2016-03-13T16:04:56Z,3VGET1QSZ00ATZ2AQSZUYMXGK9Y7W5,2016-03-12T16:04:56Z,A2ROSI29CVVKGO,1840-1844-1846-1855-1856-1857-1859-1861-1862-1864,
2016-03-12T15:57:52Z,2016-03-13T16:05:16Z,,36H9ULYP62V4PSFBREJTM8C99ZGFJU,Approved,2016-03-13T16:04:58Z,3VGET1QSZ00ATZ2AQSZUYMXGK9Y7W5,2016-03-12T16:04:58Z,AIUKYUC1Z5IYL,1838-1845-1848-1849-1851-1852-1854-1858-1860-1863,
2016-03-12T16:14:21Z,2016-03-13T16:20:16Z,,3R6BYFZZP7D5KCK08IYUDHKOKX0XF5,Approved,2016-03-13T16:16:49Z,3VGET1QSZ00ATZ2AQSZUYMXGK9Y7W5,2016-03-12T16:16:49Z,A31VW44MXV7PP5,1923-1931-1933-1934-1935-1937-1939-1941-1943-1946,
2016-03-12T16:15:29Z,2016-03-13T16:20:16Z,,39RP059MEHU4DJ9GP9APJAD5YVQBMJ,Approved,2016-03-13T16:18:57Z,3VGET1QSZ00ATZ2AQSZUYMXGK9Y7W5,2016-03-12T16:18:57Z,A10JJJS8BOKF7D,1936-1942-1948-1951-1954-1958-1961-1963-1966-1969,
2016-03-12T16:17:43Z,2016-03-13T16:20:16Z,,3LJ7UR74RHEQA297MVF2OBWZTTJ4N6,Approved,2016-03-13T16:20:06Z,3VGET1QSZ00ATZ2AQSZUYMXGK9Y7W5,2016-03-12T16:20:06Z,A3I1QHGTBXVCLZ,1960-1964-1967-1971-1973-1975-1979-1982-1984-1986,
2016-03-12T16:18:17Z,2016-03-13T16:25:16Z,,3W92K5RLWUILEQMG2RK33KWQFSGV5J,Approved,2016-03-13T16:20:29Z,3VGET1QSZ00ATZ2AQSZUYMXGK9Y7W5,2016-03-12T16:20:29Z,A3L5XFNSOY6QET,1974-1977-1981-1983-1985-1987-1988-1989-1991-1992,
2016-03-12T16:21:33Z,2016-03-13T16:30:16Z,,3U5NZHP4LR3KPZ9FHHCDMPAYYD7PHA,Approved,2016-03-13T16:27:22Z,3VGET1QSZ00ATZ2AQSZUYMXGK9Y7W5,2016-03-12T16:27:22Z,A3SST36IDLIZIZ,2003-2009-2010-2012-2014-2040-2060-2063-2069-2077,
2016-03-12T16:38:33Z,2016-03-13T16:45:16Z,,3X4MXAO0BGPNY2KJP822SNK0EJBWRC,Approved,2016-03-13T16:41:31Z,3VGET1QSZ00ATZ2AQSZUYMXGK9Y7W5,2016-03-12T16:41:31Z,AJE2GXXF7UMBN,2177-2179-2183-2187-2193-2196-2202-2204-2205-2209,Thank you.  This was a nice hit.
2016-03-12T16:38:45Z,2016-03-13T16:45:16Z,,3B4YI393V9X6S03NKSS6L8MBU8ZSSI,Approved,2016-03-13T16:44:24Z,3VGET1QSZ00ATZ2AQSZUYMXGK9Y7W5,2016-03-12T16:44:24Z,A3DRYZ95VDUDK,2207-2210-2217-2221-2223-2224-2230-2232-2234-2237,Some were tough
2016-03-12T16:47:11Z,2016-03-13T16:50:16Z,,3HHRAGRYX869PTFV45B6K87K5V99OT,Approved,2016-03-13T16:49:53Z,3VGET1QSZ00ATZ2AQSZUYMXGK9Y7W5,2016-03-12T16:49:53Z,A2M7114AHJP8AO,2266-2268-2274-2278-2281-2284-2288-2291-2294-2298,
2016-03-12T16:40:01Z,2016-03-13T16:55:16Z,,3V0Z7YWSIY1TFT3TK8I55DTEVITV2M,Approved,2016-03-13T16:53:22Z,3VGET1QSZ00ATZ2AQSZUYMXGK9Y7W5,2016-03-12T16:53:22Z,A346UAH34GVOZX,2244-2247-2249-2250-2269-2272-2275-2282-2323-2327,
2016-03-12T16:49:05Z,2016-03-13T16:55:16Z,,3OVR4I9USPKBDZMZ2N7JS5R4Y4D4Q0,Approved,2016-03-13T16:53:33Z,3VGET1QSZ00ATZ2AQSZUYMXGK9Y7W5,2016-03-12T16:53:33Z,AZ57GKYAAO7T6,2285-2290-2295-2299-2306-2308-2310-2311-2312-2319,You should include within the instructions to hover over the choice so that it plays a certain sound. This was very confusing to do.
2016-03-12T16:50:59Z,2016-03-13T17:00:16Z,,3HWRJOOET535IHY5JX81WRIWTHRES4,Approved,2016-03-13T16:55:41Z,3VGET1QSZ00ATZ2AQSZUYMXGK9Y7W5,2016-03-12T16:55:41Z,A373WNHSS0BG52,2317-2318-2325-2329-2333-2336-2340-2347-2353-2358,
2016-03-12T16:53:40Z,2016-03-13T17:00:16Z,,3PQMUDRV7R7S48XVA44ED4A1CCXIIQ,Approved,2016-03-13T16:56:06Z,3VGET1QSZ00ATZ2AQSZUYMXGK9Y7W5,2016-03-12T16:56:06Z,A1TU1PKDA1DNS,2334-2339-2341-2343-2345-2348-2350-2362-2365-2366,
2016-03-12T16:59:41Z,2016-03-13T17:00:16Z,,36W0OB37HWFE33BL4QAFDNCC8CLHZU,Approved,2016-03-13T17:00:09Z,3VGET1QSZ00ATZ2AQSZUYMXGK9Y7W5,2016-03-12T17:00:09Z,A13J52GWJM60EM,2315-2331-2332-2344-2349-2355-2360-2363-2374-2407,
2016-03-12T17:02:54Z,2016-03-13T17:10:16Z,,39OWYR0EPKSUKHAADEKWWVRXM34FY3,Approved,2016-03-13T17:05:27Z,3VGET1QSZ00ATZ2AQSZUYMXGK9Y7W5,2016-03-12T17:05:27Z,A37SZ84T6GDN7T,2453-2455-2456-2458-2464-2467-2474-2476-2479-2484,
2016-03-12T17:06:17Z,2016-03-13T17:10:16Z,,3K4J6M3CXEUZ2Z828SCYBU92KR1GAT,Approved,2016-03-13T17:09:09Z,3VGET1QSZ00ATZ2AQSZUYMXGK9Y7W5,2016-03-12T17:09:09Z,A3S1ZAX0W7Q5SV,2509-2517-2522-2525-2527-2531-2536-2538-2539-2542,
2016-03-12T17:07:28Z,2016-03-13T17:10:16Z,,3OUYGIZWR7Z9EZ3JJ95SGXBHCWC0PQ,Approved,2016-03-13T17:10:12Z,3VGET1QSZ00ATZ2AQSZUYMXGK9Y7W5,2016-03-12T17:10:12Z,AZ7U05NKZRK8Z,2486-2494-2500-2529-2530-2534-2543-2544-2546-2548,"Had to restart several times, wouldn't allow me to submit a choice"
2016-03-12T17:08:20Z,2016-03-13T17:15:16Z,,3IXQG4FA2TZP6ZQM006KEO7LYWRB9S,Approved,2016-03-13T17:13:45Z,3VGET1QSZ00ATZ2AQSZUYMXGK9Y7W5,2016-03-12T17:13:45Z,A1T14WHOBQ3E3P,2540-2545-2550-2551-2553-2554-2556-2557-2566-2569,
2016-03-12T17:15:06Z,2016-03-13T17:25:16Z,,3QY5DC2MXRLD38Q53DN7TALKQFTUFK,Approved,2016-03-13T17:23:26Z,3VGET1QSZ00ATZ2AQSZUYMXGK9Y7W5,2016-03-12T17:23:26Z,ANIRTJBXLLWKY,2596-2599-2601-2603-2605-2606-2608-2609-2614-2617,
2016-03-12T17:26:06Z,2016-03-13T17:35:16Z,,3A1PQ49WVHIH87QDWF1NLTS0VX8H15,Approved,2016-03-13T17:32:47Z,3VGET1QSZ00ATZ2AQSZUYMXGK9Y7W5,2016-03-12T17:32:47Z,A3QDAGEBD0JZL9,2656-2660-2663-2664-2671-2672-2674-2675-2676-2677,Took a couple tries to get it finished. I like this kind of stuff though. Thank you!
2016-03-12T17:32:03Z,2016-03-13T17:40:16Z,,3GM6G9ZBKNY4953XPV1AJ4JR42YMTS,Approved,2016-03-13T17:38:43Z,3VGET1QSZ00ATZ2AQSZUYMXGK9Y7W5,2016-03-12T17:38:43Z,A3F4MH4QDLQMAY,2686-2687-2692-2699-2707-2710-2715-2723-2727-2731,
2016-03-12T17:35:05Z,2016-03-13T17:45:16Z,,30MVJZJNHMEVOIOYOSJ1CCQY6109JB,Approved,2016-03-13T17:40:25Z,3VGET1QSZ00ATZ2AQSZUYMXGK9Y7W5,2016-03-12T17:40:25Z,A2TN0N04728YLI,2694-2700-2705-2711-2713-2718-2724-2728-2740-2741,
2016-03-12T17:39:27Z,2016-03-13T17:45:16Z,,3D4CH1LGEAULXGYXGMYYFZYIE9KG9F,Approved,2016-03-13T17:44:21Z,3VGET1QSZ00ATZ2AQSZUYMXGK9Y7W5,2016-03-12T17:44:21Z,A2D4LE79813XEY,2739-2742-2744-2745-2746-2750-2756-2758-2760-2763,had to reload the page after about 7 clips.
2016-03-12T17:46:37Z,2016-03-13T17:50:16Z,,3MH9DQ757WDJH8M0EXTPBVLWRUUGU6,Approved,2016-03-13T17:50:01Z,3VGET1QSZ00ATZ2AQSZUYMXGK9Y7W5,2016-03-12T17:50:01Z,A25D3YXMIGY030,2805-2808-2809-2812-2820-2832-2834-2837-2839-2842,
2016-03-12T17:46:09Z,2016-03-13T17:55:16Z,,3FFJ6VRIL1PHXDGF6EF870A5QII0IF,Approved,2016-03-13T17:54:12Z,3VGET1QSZ00ATZ2AQSZUYMXGK9Y7W5,2016-03-12T17:54:12Z,A171C7B6HHSEGH,2854-2859-2867-2873-2877-2880-2883-2885-2887-2891,
2016-03-12T17:55:15Z,2016-03-13T18:00:16Z,,31QNSG6A5RU2QI4MIROQ9QQEV0K78F,Approved,2016-03-13T17:59:19Z,3VGET1QSZ00ATZ2AQSZUYMXGK9Y7W5,2016-03-12T17:59:19Z,A1CM3EXARISI1A,2916-2919-2922-2924-2927-2928-2930-2933-2935-2941,
2016-03-12T17:55:10Z,2016-03-13T18:05:16Z,,3VFJCI1K4Z0R1GUJA3YK6KYCKVQRGD,Approved,2016-03-13T18:00:20Z,3VGET1QSZ00ATZ2AQSZUYMXGK9Y7W5,2016-03-12T18:00:20Z,A2JUB8IX4D05P8,2917-2920-2926-2931-2936-2937-2939-2943-2944-2947,
2016-03-12T17:51:45Z,2016-03-13T18:05:16Z,,3DI28L7YXAF5OXZB6ETH0QVN3HHE1N,Approved,2016-03-13T18:03:52Z,3VGET1QSZ00ATZ2AQSZUYMXGK9Y7W5,2016-03-12T18:03:52Z,A205YOMVOVCUY4,2892-2897-2907-2914-2948-2955-2965-2973-2976-2981,
2016-03-12T18:01:24Z,2016-03-13T18:10:16Z,,3HQUKB7LNFFSCIBRY448DG87CM5HH5,Approved,2016-03-13T18:09:56Z,3VGET1QSZ00ATZ2AQSZUYMXGK9Y7W5,2016-03-12T18:09:56Z,A3M6TIBELIT0GK,3023-3025-3028-3031-3032-3034-3035-3038-3041-3044,good survey
2016-03-12T15:07:13Z,2016-03-13T15:10:16Z,,3I3WADAZ9Q5QO6DJ1FYP8S2IJYQ5OW,Approved,2016-03-13T15:09:02Z,32LAQ1JNT9QKZTAC8VNULU41ORHTU9,2016-03-12T15:09:02Z,A1A67ONSHK22L3,1012-1015-1017-1024-1031-1036-1039-1044-1047-1050,
2016-03-12T15:05:00Z,2016-03-13T15:10:16Z,,3KIBXJ1WD5VT6PYM822VAHL0GOJKOU,Approved,2016-03-13T15:09:18Z,32LAQ1JNT9QKZTAC8VNULU41ORHTU9,2016-03-12T15:09:18Z,A19TL7AJ0FB1JG,1001-1013-1018-1023-1029-1035-1045-1048-1053-1055,
2016-03-12T15:04:59Z,2016-03-13T15:10:16Z,,37C0GNLMHF4V3DM8GPUEP44JBFSD6L,Approved,2016-03-13T15:10:04Z,32LAQ1JNT9QKZTAC8VNULU41ORHTU9,2016-03-12T15:10:04Z,A19C6T7B0H4PAQ,1016-1019-1022-1027-1032-1038-1043-1054-1056-1058,
2016-03-12T15:17:51Z,2016-03-13T15:20:16Z,,33PPUNGG386RSXPO0VM9RREIVKLRZ1,Approved,2016-03-13T15:19:55Z,32LAQ1JNT9QKZTAC8VNULU41ORHTU9,2016-03-12T15:19:55Z,A2OL8WYXJ977GH,1108-1112-1126-1135-1137-1140-1147-1157-1162-1166,
2016-03-12T15:16:27Z,2016-03-13T15:25:16Z,,3DUZQ9U6SMPMKSKRENXBWV6ITBYVST,Approved,2016-03-13T15:21:20Z,32LAQ1JNT9QKZTAC8VNULU41ORHTU9,2016-03-12T15:21:20Z,A3CX9UQ91LNQJJ,1133-1142-1152-1175-1189-1207-1216-1225-1228-1238,
2016-03-12T15:18:17Z,2016-03-13T15:25:16Z,,3BGYGHDBBXLKI25RWYYU38W3YJ722Q,Approved,2016-03-13T15:22:53Z,32LAQ1JNT9QKZTAC8VNULU41ORHTU9,2016-03-12T15:22:53Z,A2FKD1J0L9M73F,1158-1174-1224-1232-1237-1245-1254-1270-1280-1296,
2016-03-12T15:05:31Z,2016-03-13T15:25:16Z,,32KTQ2V7RDGLPQUJRPWTS4IFAUTM9O,Approved,2016-03-13T15:23:07Z,32LAQ1JNT9QKZTAC8VNULU41ORHTU9,2016-03-12T15:23:07Z,A1CE2XPYCDRHVZ,1256-1263-1273-1282-1288-1293-1295-1298-1300-1302,
2016-03-12T15:16:51Z,2016-03-13T15:25:16Z,,320DUZ38G7NA3SB62YPB4TCLADXGJ9,Approved,2016-03-13T15:23:27Z,32LAQ1JNT9QKZTAC8VNULU41ORHTU9,2016-03-12T15:23:27Z,AZZDXA6TV6737,1106-1118-1128-1182-1203-1213-1222-1251-1260-1277,"There was one audio that sounded like 680132a066 but the options would not play and the page would not allow you to submit your choice. I refreshed the page and got a new option, but I just wanted to mention it."
2016-03-12T15:22:24Z,2016-03-13T15:30:16Z,,34MAJL3QP4OJ6YGX4CVNFXYTOB5340,Approved,2016-03-13T15:25:35Z,32LAQ1JNT9QKZTAC8VNULU41ORHTU9,2016-03-12T15:25:35Z,AYI30J619VO21,1299-1304-1308-1313-1315-1320-1321-1329-1330-1336,
2016-03-12T15:21:18Z,2016-03-13T15:30:16Z,,3JW0YLFXRTHS6Y15O2C8FMSH6XYWWL,Approved,2016-03-13T15:27:01Z,32LAQ1JNT9QKZTAC8VNULU41ORHTU9,2016-03-12T15:27:01Z,AAOEHS9LFB8KA,1276-1312-1319-1325-1339-1347-1351-1358-1362-1367,Some of the answer sounds would not load.
2016-03-12T15:25:06Z,2016-03-13T15:30:16Z,,3UJ1CZ6IZHQ5MY5C8WFYSXCJGO0S5P,Approved,2016-03-13T15:27:15Z,32LAQ1JNT9QKZTAC8VNULU41ORHTU9,2016-03-12T15:27:15Z,A3KHBRDIP0E72S,1345-1352-1357-1360-1365-1369-1371-1373-1376-1377,
2016-03-12T15:29:23Z,2016-03-13T15:35:16Z,,3IKZ72A5B4H08I6W6CBLFFTQIJAFNN,Approved,2016-03-13T15:32:44Z,32LAQ1JNT9QKZTAC8VNULU41ORHTU9,2016-03-12T15:32:44Z,A3TWZEOWEH8KMM,1437-1440-1446-1458-1462-1479-1482-1486-1487-1490,
2016-03-12T15:33:06Z,2016-03-13T15:40:16Z,,37UQDCYH6XW01U0ZQKZ014AM6YUV7H,Approved,2016-03-13T15:37:20Z,32LAQ1JNT9QKZTAC8VNULU41ORHTU9,2016-03-12T15:37:20Z,A2V28W4THGYYTQ,1506-1512-1520-1527-1543-1552-1555-1563-1565-1581,
2016-03-12T15:39:29Z,2016-03-13T15:45:16Z,,3KOPY89HM8399GZI7JIRLZNC695J3J,Approved,2016-03-13T15:41:53Z,32LAQ1JNT9QKZTAC8VNULU41ORHTU9,2016-03-12T15:41:53Z,A3BYC6720RUMTY,1626-1629-1631-1633-1637-1640-1644-1645-1647-1649,
2016-03-12T15:39:15Z,2016-03-13T15:45:16Z,,3PM8NZGV8YH2B1A9MY9OPGO2RZUQXD,Approved,2016-03-13T15:44:02Z,32LAQ1JNT9QKZTAC8VNULU41ORHTU9,2016-03-12T15:44:02Z,AR8UD52ASM42W,1627-1632-1652-1655-1658-1663-1670-1673-1676-1679,
2016-03-12T15:46:16Z,2016-03-13T15:55:16Z,,3M0NZ3JDP1Z2NARQ3O96OQ9M33C5ZJ,Approved,2016-03-13T15:52:00Z,32LAQ1JNT9QKZTAC8VNULU41ORHTU9,2016-03-12T15:52:00Z,ARHHW2SE7XBC,"problem with ""submit"" button","I couldn't complete this because the ""Submit"" button never activated for, maybe, the 8th sound. It was a guy going tic,tic,tic."
2016-03-12T15:53:32Z,2016-03-13T16:00:16Z,,354P56DE9K4K92JVWPUVQHQF7U9S7I,Approved,2016-03-13T15:56:38Z,32LAQ1JNT9QKZTAC8VNULU41ORHTU9,2016-03-12T15:56:38Z,A348LG87SR0G4X,1765-1766-1767-1769-1770-1772-1773-1777-1784-1786,
2016-03-12T15:55:17Z,2016-03-13T16:00:16Z,,3LS2AMNW5FRFHSWHL7MS63X9FVZOQG,Approved,2016-03-13T15:58:26Z,32LAQ1JNT9QKZTAC8VNULU41ORHTU9,2016-03-12T15:58:26Z,A10JJJS8BOKF7D,1779-1782-1785-1788-1791-1793-1797-1798-1800-1802,
2016-03-12T16:06:22Z,2016-03-13T16:15:16Z,,34S9DKFK73Q689NRB2394006OUEYNH,Approved,2016-03-13T16:11:22Z,32LAQ1JNT9QKZTAC8VNULU41ORHTU9,2016-03-12T16:11:22Z,AOKU8VR3U72SB,1867-1869-1872-1874-1876-1878-1881-1885-1887-1894,
2016-03-12T16:15:29Z,2016-03-13T16:20:16Z,,3LYA37P8IQO9NV9D4XX94XL19QVBKE,Approved,2016-03-13T16:18:14Z,32LAQ1JNT9QKZTAC8VNULU41ORHTU9,2016-03-12T16:18:14Z,A3L5XFNSOY6QET,1940-1944-1945-1947-1949-1950-1952-1956-1957-1959,
2016-03-12T16:21:22Z,2016-03-13T16:25:16Z,,37W3JXSD669WV3W533UW0JDXH6MYWC,Approved,2016-03-13T16:24:40Z,32LAQ1JNT9QKZTAC8VNULU41ORHTU9,2016-03-12T16:24:40Z,A31VW44MXV7PP5,1999-2002-2005-2008-2011-2017-2020-2021-2023-2024,
2016-03-12T16:23:05Z,2016-03-13T16:30:16Z,,3ZSY5X72NXCFTTBHYMBSBT7EBH8ROR,Approved,2016-03-13T16:26:34Z,32LAQ1JNT9QKZTAC8VNULU41ORHTU9,2016-03-12T16:26:34Z,A1F87VPA08YEBC,2016-2018-2028-2029-2033-2037-2043-2050-2054-2058,
2016-03-12T16:25:19Z,2016-03-13T16:30:16Z,,3B3WTRP3DB3VIMQQH7D9DV4H4Q792H,Approved,2016-03-13T16:27:33Z,32LAQ1JNT9QKZTAC8VNULU41ORHTU9,2016-03-12T16:27:33Z,A2I58SHMMQGBG0,2035-2038-2044-2048-2053-2059-2064-2072-2076-2080,
2016-03-12T16:22:51Z,2016-03-13T16:30:16Z,,3OWEPKL089DNTPRQOTD9RNG9KVAN7A,Approved,2016-03-13T16:28:31Z,32LAQ1JNT9QKZTAC8VNULU41ORHTU9,2016-03-12T16:28:31Z,A3HVFSD8K94SOR,2022-2027-2032-2045-2057-2067-2075-2081-2082-2084,
2016-03-12T16:24:19Z,2016-03-13T16:35:16Z,,3NLZY2D53PQ7B7TK8F60EMTFKQ2QL9,Approved,2016-03-13T16:31:35Z,32LAQ1JNT9QKZTAC8VNULU41ORHTU9,2016-03-12T16:31:35Z,A1BFWNUEG0CN3C,2034-2042-2051-2055-2066-2083-2096-2097-2100-2105,Had to refresh the page a few times when I was not able to click on the continue option to go to the nexxt sound.
2016-03-12T16:30:41Z,2016-03-13T16:35:16Z,,3PXX5PX6LXZ3BI0RS6KKAJI54E4AB1,Approved,2016-03-13T16:34:24Z,32LAQ1JNT9QKZTAC8VNULU41ORHTU9,2016-03-12T16:34:24Z,AJE2GXXF7UMBN,2110-2114-2123-2126-2129-2131-2132-2133-2134-2136,This was fun.
2016-03-12T16:39:05Z,2016-03-13T16:45:16Z,,3TAYZSBPLL9DN1MPQDD0UQ97WEZS2E,Approved,2016-03-13T16:43:04Z,32LAQ1JNT9QKZTAC8VNULU41ORHTU9,2016-03-12T16:43:04Z,AJJGCEEQ52BUS,2188-2192-2195-2199-2211-2215-2220-2222-2225-2228,
2016-03-12T16:39:42Z,2016-03-13T16:45:16Z,,308Q0PEVB8EZT74S6AY10BBYTM8I95,Approved,2016-03-13T16:44:47Z,32LAQ1JNT9QKZTAC8VNULU41ORHTU9,2016-03-12T16:44:47Z,A4U7HX5SEFM8G,2200-2213-2218-2229-2231-2233-2235-2238-2240-2242,
2016-03-12T16:43:07Z,2016-03-13T16:50:16Z,,3X08E93BHVJWI47T62M0JYURUU566O,Approved,2016-03-13T16:47:47Z,32LAQ1JNT9QKZTAC8VNULU41ORHTU9,2016-03-12T16:47:47Z,A1HTW2HVXUGZ1R,2236-2239-2241-2243-2245-2246-2258-2259-2261-2263,n/a
2016-03-12T16:47:38Z,2016-03-13T16:55:16Z,,3TXWC2NHNZRONL7OBMSF4DHL2KC9SQ,Approved,2016-03-13T16:53:35Z,32LAQ1JNT9QKZTAC8VNULU41ORHTU9,2016-03-12T16:53:35Z,A1TU1PKDA1DNS,2293-2300-2303-2305-2313-2324-2326-2328-2330,
2016-03-12T16:54:04Z,2016-03-13T17:00:16Z,,31Z0PCVWUKGLO2WALPZL0MM19D2T7N,Approved,2016-03-13T17:00:00Z,32LAQ1JNT9QKZTAC8VNULU41ORHTU9,2016-03-12T17:00:00Z,A2W9HBGFNRLWF9,2356-2361-2370-2376-2384-2387-2388-2391-2397-2403,
2016-03-12T16:59:15Z,2016-03-13T17:05:16Z,,37XITHEISWAEK4EE8H21GTDXM3XCRN,Approved,2016-03-13T17:02:50Z,32LAQ1JNT9QKZTAC8VNULU41ORHTU9,2016-03-12T17:02:50Z,A37SZ84T6GDN7T,2405-2408-2411-2416-2421-2425-2429-2436-2442-2444,
2016-03-12T17:00:16Z,2016-03-13T17:05:16Z,,3SB4CE2TJVWAOL3SX2C2ZG9XNHWXA1,Approved,2016-03-13T17:03:13Z,32LAQ1JNT9QKZTAC8VNULU41ORHTU9,2016-03-12T17:03:13Z,A13J52GWJM60EM,2415-2417-2422-2424-2426-2430-2432-2437-2446-2451,
2016-03-12T17:03:06Z,2016-03-13T17:10:16Z,,3LQ8PUHQFLTS8DMB4MMTDS9MCZJIHY,Approved,2016-03-13T17:06:13Z,32LAQ1JNT9QKZTAC8VNULU41ORHTU9,2016-03-12T17:06:13Z,A3S1ZAX0W7Q5SV,2454-2459-2462-2477-2480-2483-2488-2491-2493-2496,Some of the sounds didn't work so I refreshed a couple of times.
2016-03-12T17:07:38Z,2016-03-13T17:10:16Z,,33LKR6A5KEL7DGH8W9ICZCVO6R41T0,Approved,2016-03-13T17:08:46Z,32LAQ1JNT9QKZTAC8VNULU41ORHTU9,2016-03-12T17:08:46Z,AJZ9B93NZ2IST,551-568-571-576-580-583-585-588-593-2535,
2016-03-12T17:13:49Z,2016-03-13T17:20:16Z,,3CP1TO84PT2CHZOEEH0S1FZFIUW25R,Approved,2016-03-13T17:16:46Z,32LAQ1JNT9QKZTAC8VNULU41ORHTU9,2016-03-12T17:16:46Z,A38QMA26BG1KL0,2575-2576-2579-2580-2584-2586-2588-2592-2593-2598,
2016-03-12T17:22:15Z,2016-03-13T17:30:16Z,,3WJEQKOXA832YKIZQ9RV475WI2JA1O,Approved,2016-03-13T17:28:39Z,32LAQ1JNT9QKZTAC8VNULU41ORHTU9,2016-03-12T17:28:39Z,ALPMPJST62XIJ,2622-2626-2628-2634-2636-2639-2642-2648-2650-2655,"Sometimes, the sound would load, but the sounds for the choices wouldn't load and the submit button couldn't be pressed. Refreshing the page would let me get past it. Thanks!"
2016-03-12T17:35:55Z,2016-03-13T17:40:16Z,,3X66WABAJWJZIE9HZDXOOMVWEHAG3Y,Approved,2016-03-13T17:38:24Z,32LAQ1JNT9QKZTAC8VNULU41ORHTU9,2016-03-12T17:38:24Z,A38FFLHK86KOAP,2691-2697-2704-2709-2714-2716-2720-2725-2726-2730,
2016-03-12T17:34:12Z,2016-03-13T17:40:16Z,,338JKRMM260D2V3DSYUGWUL3ZREHAT,Approved,2016-03-13T17:39:26Z,32LAQ1JNT9QKZTAC8VNULU41ORHTU9,2016-03-12T17:39:26Z,A280RC0S51YKFT,2717-2722-2729-2732-2733-2734-2735-2736-2737-2738,
2016-03-12T17:42:11Z,2016-03-13T17:50:16Z,,3JPSL1DZ5S05CRPOVWPT1EIZL3NNA8,Approved,2016-03-13T17:45:31Z,32LAQ1JNT9QKZTAC8VNULU41ORHTU9,2016-03-12T17:45:31Z,A3KFXDTW992SRO,2764-2765-2767-2768-2771-2772-2774-2775-2777-2781,
2016-03-12T17:44:49Z,2016-03-13T17:50:16Z,,3C44YUNSI1Q3DJ4DVLTNV4V06LMDPX,Approved,2016-03-13T17:47:09Z,32LAQ1JNT9QKZTAC8VNULU41ORHTU9,2016-03-12T17:47:09Z,A3JIQMM9STO2X4,2770-2776-2779-2783-2788-2793-2794-2797-2800-2803,
2016-03-12T17:43:24Z,2016-03-13T17:50:16Z,,3WMOAN2SRBYP4FSM6RGPX1WC6DOVNH,Approved,2016-03-13T17:47:39Z,32LAQ1JNT9QKZTAC8VNULU41ORHTU9,2016-03-12T17:47:39Z,A2TN0N04728YLI,2766-2769-2773-2778-2782-2784-2786-2789-2792-2795,I'm not really sure if some of these peoples are saying the sound multiple times or if they are just trying to say one of the sounds badly ha.  
2016-03-12T17:44:54Z,2016-03-13T17:50:16Z,,3X3OR7WPZZ1153TOMLP0SV8FQKOL81,Approved,2016-03-13T17:48:54Z,32LAQ1JNT9QKZTAC8VNULU41ORHTU9,2016-03-12T17:48:54Z,A3E4AKKZC1HWBR,2780-2785-2787-2791-2798-2802-2804-2811-2815-2818,
2016-03-12T17:47:20Z,2016-03-13T17:55:16Z,,3F0BG9B9MPOH5OV4VVMK83EGOFLY7I,Approved,2016-03-13T17:51:42Z,32LAQ1JNT9QKZTAC8VNULU41ORHTU9,2016-03-12T17:51:42Z,A5FPM57AUWVEO,2814-2828-2831-2833-2848-2852-2857-2858-2860-2862,
2016-03-12T17:51:17Z,2016-03-13T17:55:16Z,,3FTF2T8WLRJHU2OXVR2G12K68XB9W8,Approved,2016-03-13T17:54:57Z,32LAQ1JNT9QKZTAC8VNULU41ORHTU9,2016-03-12T17:54:57Z,AGEK5TH6YDHG1,2864-2870-2874-2879-2881-2884-2886-2888-2895-2899,
2016-03-12T17:57:52Z,2016-03-13T18:05:16Z,,3IJXV6UZ1XK5X70E0RYNRWBSZ8IRI5,Approved,2016-03-13T18:01:21Z,32LAQ1JNT9QKZTAC8VNULU41ORHTU9,2016-03-12T18:01:21Z,A171C7B6HHSEGH,2938-2942-2945-2949-2951-2953-2954-2956-2959-2961,
2016-03-12T18:04:30Z,2016-03-13T18:10:16Z,,37W3JXSD669WV3W533UW0JDXH6VWYJ,Approved,2016-03-13T18:06:50Z,32LAQ1JNT9QKZTAC8VNULU41ORHTU9,2016-03-12T18:06:50Z,ABNNSRB6Y5EFR,2998-3000-3003-3004-3006-3007-3009-3010-3017-3020,
2016-03-12T18:08:56Z,2016-03-13T18:10:16Z,,3Z2R0DQ0JHFCDIH7PITV595SVNWE25,Approved,2016-03-13T18:09:29Z,32LAQ1JNT9QKZTAC8VNULU41ORHTU9,2016-03-12T18:09:29Z,A3RRTVBTY0MMW7,2970-2972-2974-2980-2983-2986-2988-2990-2993-3030,"Didn't let me continue on last question, had to reload browser to continue."
2016-03-12T18:08:49Z,2016-03-13T18:15:16Z,,3C5W7UE9CFRBQMCHU527874XHYNMXC,Approved,2016-03-13T18:11:13Z,32LAQ1JNT9QKZTAC8VNULU41ORHTU9,2016-03-12T18:11:13Z,AKVLRZBXIK6N7,3033-3036-3039-3042-3047-3050-3052-3053-3054-3055,
2016-03-12T18:09:37Z,2016-03-13T18:20:16Z,,3QIYRE09Y3I9I3COZDW0QDPWH9IN1L,Approved,2016-03-13T18:18:00Z,32LAQ1JNT9QKZTAC8VNULU41ORHTU9,2016-03-12T18:18:00Z,A2Q1617E81QXYC,3056-3057-3058-3059-3060-3061-3062-3063-3064-3065,
2016-03-12T15:13:17Z,2016-03-13T15:20:16Z,,3KGTPGBS6XMT2EETFI809RRVHAOU2Y,Approved,2016-03-13T15:18:47Z,3EQVJH0T40MFU74S8WGV2FFBUJHHTY,2016-03-12T15:18:47Z,A19C6T7B0H4PAQ,1072-1075-1079-1082-1094-1097-1102-1105-1129-1131,
2016-03-12T15:17:50Z,2016-03-13T15:20:16Z,,3PB5A5BD0V7HJXA41P0E137CJIY7GU,Approved,2016-03-13T15:19:31Z,3EQVJH0T40MFU74S8WGV2FFBUJHHTY,2016-03-12T15:19:31Z,A1A67ONSHK22L3,1110-1114-1121-1127-1130-1134-1143-1146-1149-1151,
2016-03-12T15:17:47Z,2016-03-13T15:25:16Z,,3KRVW3HTZNM3U5QI0VWK9ZN52INSMA,Approved,2016-03-13T15:22:14Z,3EQVJH0T40MFU74S8WGV2FFBUJHHTY,2016-03-12T15:22:14Z,A1VW8Y7XCV3DRW,1123-1139-1148-1156-1167-1183-1240-1250-1259-1268,
2016-03-12T15:23:18Z,2016-03-13T15:25:16Z,,31JLPPHS2UVNARQFNWAWTV4Y536O3Y,Approved,2016-03-13T15:24:25Z,3EQVJH0T40MFU74S8WGV2FFBUJHHTY,2016-03-12T15:24:25Z,A2OL8WYXJ977GH,1192-1202-1209-1214-1265-1269-1316-1318-1323-1326,
2016-03-12T15:18:42Z,2016-03-13T15:30:16Z,,3OHYZ19UGC6NUCP0WBP6G3I4BCVOAP,Approved,2016-03-13T15:26:15Z,3EQVJH0T40MFU74S8WGV2FFBUJHHTY,2016-03-12T15:26:15Z,AU2BLC4ST6485,1160-1180-1197-1292-1311-1314-1317-1328-1333-1337,This has issues you go through a few and then it doesn't work anymore and you have to reload the page.  
2016-03-12T15:22:37Z,2016-03-13T15:30:16Z,,324G5B4FB39K8TZJNNBBGBKWC2C70W,Approved,2016-03-13T15:26:29Z,3EQVJH0T40MFU74S8WGV2FFBUJHHTY,2016-03-12T15:26:29Z,A291KO368YRYCR,1306-1309-1334-1335-1342-1344-1346-1350-1353-1359,
2016-03-12T15:25:35Z,2016-03-13T15:30:16Z,,3MMN5BL1WZ5ZAO53AGVJ1RFTA3SM3I,Approved,2016-03-13T15:28:44Z,3EQVJH0T40MFU74S8WGV2FFBUJHHTY,2016-03-12T15:28:44Z,AYI30J619VO21,1355-1363-1374-1382-1384-1388-1400-1404-1409-1412,
2016-03-12T15:32:44Z,2016-03-13T15:40:16Z,,3CN4LGXD5XPKM1DLTXOD5RU6XD74YG,Approved,2016-03-13T15:35:17Z,3EQVJH0T40MFU74S8WGV2FFBUJHHTY,2016-03-12T15:35:17Z,A3TWZEOWEH8KMM,1498-1502-1504-1507-1510-1513-1514-1521-1529-1534,
2016-03-12T15:31:18Z,2016-03-13T15:40:16Z,,33IZTU6J812EOHPME2YTKG339NEXS8,Approved,2016-03-13T15:36:45Z,3EQVJH0T40MFU74S8WGV2FFBUJHHTY,2016-03-12T15:36:45Z,A5W81IOCLXK1E,1485-1488-1493-1517-1522-1531-1537-1545-1550-1564,
2016-03-12T15:34:20Z,2016-03-13T15:40:16Z,,3B2X28YI3WG2OGOO2T38UEGJ8VV6BO,Approved,2016-03-13T15:37:31Z,3EQVJH0T40MFU74S8WGV2FFBUJHHTY,2016-03-12T15:37:31Z,ASY5W2HJPIPF4,1546-1551-1554-1561-1567-1570-1573-1576-1580-1585,
2016-03-12T15:28:55Z,2016-03-13T15:40:16Z,,3Z7VU45IPYI3ZSQ7217UL0W5RNYZ1M,Approved,2016-03-13T15:37:52Z,3EQVJH0T40MFU74S8WGV2FFBUJHHTY,2016-03-12T15:37:52Z,A2RULZW5A6JWCZ,1464-1474-1495-1518-1519-1538-1553-1575-1579-1586,
2016-03-12T15:31:36Z,2016-03-13T15:45:16Z,,34MAJL3QP4OJ6YGX4CVNFXYTOCB348,Approved,2016-03-13T15:41:12Z,3EQVJH0T40MFU74S8WGV2FFBUJHHTY,2016-03-12T15:41:12Z,AKSJ3C5O3V9RB,1503-1509-1515-1525-1533-1625-1628-1630-1635-1641,
2016-03-12T15:48:32Z,2016-03-13T16:00:16Z,,3OF2M9AATGP55TCTABDCQFS40T7KZJ,Approved,2016-03-13T15:55:29Z,3EQVJH0T40MFU74S8WGV2FFBUJHHTY,2016-03-12T15:55:29Z,AR8UD52ASM42W,1739-1741-1742-1743-1745-1750-1754-1760-1761-1764,problems...had to reload new window 4x because submit button did not work when no sound happened in choices.
2016-03-12T15:56:47Z,2016-03-13T16:05:16Z,,3QL2OFSM96JT56MMFALK798NL6TNCV,Approved,2016-03-13T16:00:16Z,3EQVJH0T40MFU74S8WGV2FFBUJHHTY,2016-03-12T16:00:16Z,A348LG87SR0G4X,1794-1796-1799-1801-1803-1805-1807-1808-1815-1817,
2016-03-12T15:57:21Z,2016-03-13T16:05:16Z,,3KOPY89HM8399GZI7JIRLZNC69C3JA,Approved,2016-03-13T16:00:37Z,3EQVJH0T40MFU74S8WGV2FFBUJHHTY,2016-03-12T16:00:37Z,A2XBRIR84FMHGR,See comments.,The game failed to completely load after the 4th try.  It wouldn't play sounds and gave a red don't circle when trying to click submit.
2016-03-12T15:58:30Z,2016-03-13T16:05:16Z,,3HPZF4IVNMUNH5Q0MCUVOP6UPQUYCT,Approved,2016-03-13T16:01:50Z,3EQVJH0T40MFU74S8WGV2FFBUJHHTY,2016-03-12T16:01:50Z,A10JJJS8BOKF7D,1811-1812-1814-1816-1819-1820-1822-1824-1828-1835,
2016-03-12T16:11:53Z,2016-03-13T16:20:16Z,,3CFVK00FWLME1PA0T6S28HCOKPNL64,Approved,2016-03-13T16:15:18Z,3EQVJH0T40MFU74S8WGV2FFBUJHHTY,2016-03-12T16:15:18Z,A3L5XFNSOY6QET,1899-1900-1903-1908-1911-1914-1917-1920-1926-1930,
2016-03-12T16:16:54Z,2016-03-13T16:25:16Z,,3TOK3KHVJTJ5BAR2P8DM6CGEA5DO7O,Approved,2016-03-13T16:21:17Z,3EQVJH0T40MFU74S8WGV2FFBUJHHTY,2016-03-12T16:21:17Z,A31VW44MXV7PP5,1953-1962-1965-1968-1970-1972-1976-1978-1980-1990,
2016-03-12T16:24:36Z,2016-03-13T16:35:16Z,,31HQ4X3T3SBJON8X0JV59M8G2ENLST,Approved,2016-03-13T16:30:22Z,3EQVJH0T40MFU74S8WGV2FFBUJHHTY,2016-03-12T16:30:22Z,AJE2GXXF7UMBN,2031-2039-2049-2086-2088-2090-2092-2093-2094-2098,This Hit was fun.  Thank you!!
2016-03-12T16:28:59Z,2016-03-13T16:35:16Z,,3WMINLGALB4MLNSX66GFL3ONMZ4CAA,Approved,2016-03-13T16:33:03Z,3EQVJH0T40MFU74S8WGV2FFBUJHHTY,2016-03-12T16:33:03Z,AHT8HA3JRWVGV,2103-2106-2109-2113-2116-2119-2121-2125-2127-2128,
2016-03-12T16:32:49Z,2016-03-13T16:45:16Z,,3ZPPDN2SLVXND226AR8AFWD61T09EM,Approved,2016-03-13T16:40:57Z,3EQVJH0T40MFU74S8WGV2FFBUJHHTY,2016-03-12T16:40:57Z,A3USAW0QFL8K58,2168-2172-2173-2175-2178-2180-2182-2184-2186-2189,"The game stopped playing sounds and wouldn't let me submit so I refreshed a couple of times, and I noticed that the sample was a different sound. It still wouldn't work until I opened up another browser (I was on Chrome and switched to Firefox). I believe I answered all 10 sounds, but if it shows that I didn't it might have been because of this mess up! Please don't penalize me. Thank you."
2016-03-12T16:53:10Z,2016-03-13T17:00:16Z,,3P59JYT76LLE21Z4FDIQ4V5TYXGT27,Approved,2016-03-13T16:59:12Z,3EQVJH0T40MFU74S8WGV2FFBUJHHTY,2016-03-12T16:59:12Z,A37SZ84T6GDN7T,2338-2346-2352-2354-2359-2367-2368-2375-2379-2393,
2016-03-12T16:58:01Z,2016-03-13T17:05:16Z,,3NOKK93PR1948YTNI2OW7AEHSQJEE4,Approved,2016-03-13T17:00:36Z,3EQVJH0T40MFU74S8WGV2FFBUJHHTY,2016-03-12T17:00:36Z,A1TU1PKDA1DNS,2382-2389-2395-2396-2399-2402-2406-2409-2410-2412,
2016-03-12T17:03:21Z,2016-03-13T17:10:16Z,,3F6HPJW4JD16UI3YAIN1RFCS2RZW21,Approved,2016-03-13T17:06:56Z,3EQVJH0T40MFU74S8WGV2FFBUJHHTY,2016-03-12T17:06:56Z,A13J52GWJM60EM,2457-2461-2463-2468-2471-2482-2487-2489-2498-2513,
2016-03-12T17:04:03Z,2016-03-13T17:10:16Z,,39GXDJN2OTF4185I0PR6F46HHIOV8S,Approved,2016-03-13T17:07:09Z,3EQVJH0T40MFU74S8WGV2FFBUJHHTY,2016-03-12T17:07:09Z,A1T14WHOBQ3E3P,2404-2413-2447-2452-2470-2481-2490-2495-2504-2512,
2016-03-12T17:24:43Z,2016-03-13T17:30:16Z,,3JC6VJ2SABK1M2JIRWT77XIDUIOA56,Approved,2016-03-13T17:27:43Z,3EQVJH0T40MFU74S8WGV2FFBUJHHTY,2016-03-12T17:27:43Z,A219VCQZADQ45W,2633-2635-2638-2644-2647-2651-2653-2658-2659-2662,
2016-03-12T17:36:18Z,2016-03-13T17:40:16Z,,3PH3VY7DJLYW0T6AZPWFEQMZN0YZWC,Approved,2016-03-13T17:38:01Z,3EQVJH0T40MFU74S8WGV2FFBUJHHTY,2016-03-12T17:38:01Z,A182CHO6N044YK,2690-2693-2696-2698-2701-2703-2708-2712-2719-2721,
2016-03-12T17:40:28Z,2016-03-13T17:45:16Z,,3L70J4KAZGNWQFYB62BQ59657ZMDAH,Approved,2016-03-13T17:43:17Z,3EQVJH0T40MFU74S8WGV2FFBUJHHTY,2016-03-12T17:43:17Z,A2TN0N04728YLI,2743-2747-2748-2749-2753-2755-2757-2759-2761-2762,
2016-03-12T17:46:15Z,2016-03-13T17:55:16Z,,3CCZ6YKWR7KNHJ9DZQF7B27TO0695Q,Approved,2016-03-13T17:51:14Z,3EQVJH0T40MFU74S8WGV2FFBUJHHTY,2016-03-12T17:51:14Z,AGEK5TH6YDHG1,2806-2807-2821-2826-2829-2836-2844-2847-2850-2855,
2016-03-12T17:51:44Z,2016-03-13T17:55:16Z,,352YTHGROVEY06NWJXKPJRZ37HJH4J,Approved,2016-03-13T17:54:06Z,3EQVJH0T40MFU74S8WGV2FFBUJHHTY,2016-03-12T17:54:06Z,APDYS3I107RCX,2869-2871-2872-2875-2876-2878-2882-2889-2890-2893,
2016-03-12T17:54:19Z,2016-03-13T18:00:16Z,,3SNLUL3WO4OZ3001POQ5ONQ4NBGLUH,Approved,2016-03-13T17:57:24Z,3EQVJH0T40MFU74S8WGV2FFBUJHHTY,2016-03-12T17:57:24Z,A171C7B6HHSEGH,2901-2903-2905-2908-2910-2912-2915-2918-2921-2925,
2016-03-12T18:01:54Z,2016-03-13T18:05:16Z,,31UV0MXWNQDGSK2G3KLKOV6W7QUI5J,Approved,2016-03-13T18:04:28Z,3EQVJH0T40MFU74S8WGV2FFBUJHHTY,2016-03-12T18:04:28Z,ABNNSRB6Y5EFR,2966-2967-2968-2969-2971-2975-2977-2978-2989-2992,
2016-03-13T20:38:57Z,2016-03-14T20:45:16Z,,3OONKJ5DKCKSDMUS2PP2BE2ATYSBOR,Approved,2016-03-14T20:42:42Z,3MNJFORX8B5TV92WCAAXWEXKY26F5X,2016-03-13T20:42:42Z,A1BJM9EIGHNOYH,3066-3067-3068-3069-3070-3071-3072-3078-3081-3082,
2016-03-13T20:38:15Z,2016-03-14T20:50:16Z,,3OCHAWUVGOLG0YCE9TPRTUCTSW5KXO,Approved,2016-03-14T20:49:00Z,3MNJFORX8B5TV92WCAAXWEXKY26F5X,2016-03-13T20:49:00Z,AWF8F3RD3NA9D,,"I tried this twice and both times after listening to several sounds, it would no longer let me continue."
2016-03-13T21:20:10Z,2016-03-14T21:30:16Z,,3B837J3LDOXURL3A53S1VYHF890RSJ,Approved,2016-03-14T21:27:29Z,3MNJFORX8B5TV92WCAAXWEXKY26F5X,2016-03-13T21:27:29Z,A2C1K4LKJNLXI7,3255-3259-3260-3261-3262-3263-3267-3268-3271-3276,"several times refreshing the page did nothing. there were a few AC's where the sound wouldn't play so I had to try to remember which button was which, but I might have forgotten.

really annoying"
2016-03-13T21:31:28Z,2016-03-14T21:35:16Z,,30BUDKLTXDW4CF0U71VT3G84F04E5T,Approved,2016-03-14T21:34:05Z,3MNJFORX8B5TV92WCAAXWEXKY26F5X,2016-03-13T21:34:05Z,A1A67ONSHK22L3,3308-3312-3314-3316-3317-3318-3320-3322-3324-3326,Had to refresh a few times.
2016-03-13T21:31:16Z,2016-03-14T21:40:16Z,,3B2X28YI3WG2OGOO2T38UEGJ8Y26B1,Approved,2016-03-14T21:37:31Z,3MNJFORX8B5TV92WCAAXWEXKY26F5X,2016-03-13T21:37:31Z,A104K65JM98GB,3325-3331-3333-3338-3341-3345-3346-3349-3361-3364,
2016-03-13T22:05:10Z,2016-03-14T22:10:16Z,,3VP0C6EFSGXY77SLTITH8URDKX76MR,Approved,2016-03-14T22:07:29Z,3MNJFORX8B5TV92WCAAXWEXKY26F5X,2016-03-13T22:07:29Z,A6WKO0D7PNZCA,3443-3444-3445-3447-3449-3451-3453-3454-3456-3458,
2016-03-13T22:11:30Z,2016-03-14T22:15:16Z,,3E1QT0TDFPAZF2LI1ISN0FGN9JC8IY,Approved,2016-03-14T22:14:18Z,3MNJFORX8B5TV92WCAAXWEXKY26F5X,2016-03-13T22:14:18Z,A29C62CNQKDT34,3489-3490-3491-3493-3494-3496-3497-3498-3499-3500,
2016-03-13T23:18:50Z,2016-03-14T23:30:16Z,,3LUY3GC63Z1NWA3348Q1VCL4KD2P75,Approved,2016-03-14T23:29:03Z,3MNJFORX8B5TV92WCAAXWEXKY26F5X,2016-03-13T23:29:03Z,A3QFR660T2UJBX,3642-3646-3652-3654-3655-3659-3662-3663-3664-3665,"pretty frustrating getting this to work, for whatever reason it constantly kept bugging out and either not playing the sound or not letting me submit once I made my decision. Tried it on multiple tabs/browsers as well, don't know what was up with it, but I finally got to complete it thankfully. Good luck with your study!"
2016-03-13T23:44:11Z,2016-03-14T23:50:16Z,,3C44YUNSI1Q3DJ4DVLTNV4V06O6DPN,Approved,2016-03-14T23:49:35Z,3MNJFORX8B5TV92WCAAXWEXKY26F5X,2016-03-13T23:49:35Z,A2AT2FZH5EB1E4,3698-3699-3700-3701-3702-3703-3704-3705-3706-3707,"Had a few times when the sound (button) worked but the choices didn't work when hovering over them,but refreshing the page got it working again (but gave me a different sound)"
2016-03-14T00:03:01Z,2016-03-15T00:10:16Z,,3WI0P0II61TOPWKS8DXC0ZVF76URDT,Approved,2016-03-15T00:07:22Z,3MNJFORX8B5TV92WCAAXWEXKY26F5X,2016-03-14T00:07:22Z,A1LHF2FID8QT3R,3753-3755-3758-3766-3772-3774-3778-3781-3783-3794,
2016-03-14T00:06:34Z,2016-03-15T00:10:16Z,,3TS1AR6UQQFB5XE9Q5UWJI70I7H7FM,Approved,2016-03-15T00:08:31Z,3MNJFORX8B5TV92WCAAXWEXKY26F5X,2016-03-14T00:08:31Z,AK46ZNEC6R89C,3791-3793-3797-3798-3799-3801-3802-3804-3808-3810,
2016-03-13T23:55:10Z,2016-03-15T00:10:16Z,,3BF51CHDTVBH1I5V0WXN7O9QQ8NH0T,Approved,2016-03-15T00:09:15Z,3MNJFORX8B5TV92WCAAXWEXKY26F5X,2016-03-14T00:09:15Z,ALJMDVY95Y5G4,3784-3786-3790-3792-3795-3800-3803-3806-3813-3817,
2016-03-14T00:52:17Z,2016-03-15T01:00:16Z,,3OLF68YTN92TOZC7X86GT99QJFOFAM,Approved,2016-03-15T00:57:53Z,3MNJFORX8B5TV92WCAAXWEXKY26F5X,2016-03-14T00:57:53Z,A3EIVR2LS7CCWB,3905-3911-3914-3916-3918-3919-3921-3922-3924-3926,
2016-03-14T01:33:16Z,2016-03-15T01:40:16Z,,3OHYZ19UGC6NUCP0WBP6G3I4BGHAO5,Approved,2016-03-15T01:38:06Z,3MNJFORX8B5TV92WCAAXWEXKY26F5X,2016-03-14T01:38:06Z,A1O8G8I2XK0WBQ,3952-3953-3954-3955-3956-3957-3958-3959-3960-3961,
2016-03-14T02:38:18Z,2016-03-15T02:45:16Z,,3GS6S824SQY2J4SRW1LLJ3FQDPFWNN,Approved,2016-03-15T02:42:46Z,3MNJFORX8B5TV92WCAAXWEXKY26F5X,2016-03-14T02:42:46Z,ADEWCFG1OTMIA,4029-4030-4031-4032-4034-4037-4038-4040-4042-4044,
2016-03-14T03:00:58Z,2016-03-15T03:10:16Z,,3AMW0RGHOD3CZVVQKF7QR97UKSDNPK,Approved,2016-03-15T03:06:23Z,3MNJFORX8B5TV92WCAAXWEXKY26F5X,2016-03-14T03:06:23Z,A3N6XLHBVF03EP,4078-4079-4080-4081-4082-4083-4084-4085-4086-4087,
2016-03-14T05:10:19Z,2016-03-15T05:15:16Z,,3DPNQGW4LLGI3H3FNETLM0ADY6X465,Approved,2016-03-15T05:13:46Z,3MNJFORX8B5TV92WCAAXWEXKY26F5X,2016-03-14T05:13:46Z,A2IC8EN773YBLG,4238-4239-4240-4241-4242-4243-4244-4245-4246-4247,
2016-03-14T06:57:09Z,2016-03-15T07:05:16Z,,3ZAZR5XV01JNMV05IYWE2WFWVNDCZJ,Approved,2016-03-15T07:00:42Z,3MNJFORX8B5TV92WCAAXWEXKY26F5X,2016-03-14T07:00:42Z,A24TKK39PB67H7,4291-4292-4293-4294-4295-4296-4297-4298-4299-4300,
2016-03-14T07:45:34Z,2016-03-15T07:50:16Z,,3Y4W8Q93LZLGI319HX2M1WKISCJDVK,Approved,2016-03-15T07:47:21Z,3MNJFORX8B5TV92WCAAXWEXKY26F5X,2016-03-14T07:47:21Z,A14NP6X071S7GK,4391-4392-4393-4394-4395-4396-4397-4398-4399-4400,
2016-03-14T09:09:37Z,2016-03-15T09:15:16Z,,3M0NZ3JDP1Z2NARQ3O96OQ9M3725ZH,Approved,2016-03-15T09:13:54Z,3MNJFORX8B5TV92WCAAXWEXKY26F5X,2016-03-14T09:13:54Z,A3GEM5OFFF65R5,4421-4422-4423-4424-4425-4426-4427-4428-4429-4430,
2016-03-14T10:45:16Z,2016-03-15T10:50:16Z,,3DY4FPOOA1PAJDKEZYX66L1M7ECRV8,Approved,2016-03-15T10:45:21Z,3MNJFORX8B5TV92WCAAXWEXKY26F5X,2016-03-14T10:45:21Z,A21U1SBWS1QJXT,4463-4464-4465-4466-4467-4468-4469-4470-4471-4472,
2016-03-14T11:35:19Z,2016-03-15T11:50:16Z,,3NPFYT4IZC5BYCGVJ24CV2K0LHJXGX,Approved,2016-03-15T11:46:57Z,3MNJFORX8B5TV92WCAAXWEXKY26F5X,2016-03-14T11:46:57Z,A3JC2GGDCKGN7Y,4506-4507-4508-4509-4510-4511-4512-4513-4517-4519,
2016-03-14T11:53:20Z,2016-03-15T12:00:16Z,,31LM9EDVOLTGDKSSP226UDLIBVTJN6,Approved,2016-03-15T11:55:51Z,3MNJFORX8B5TV92WCAAXWEXKY26F5X,2016-03-14T11:55:51Z,A3B9OZQTE4US3T,4531-4532-4533-4534-4535-4536-4537-4538-4539-4540,
2016-03-14T12:05:15Z,2016-03-15T12:15:16Z,,3MHW492WW0EJMX7MUQ1PKM7C1SRVM4,Approved,2016-03-15T12:10:20Z,3MNJFORX8B5TV92WCAAXWEXKY26F5X,2016-03-14T12:10:20Z,A1BT0YH8F6IMOW,4541-4542-4543-4544-4545-4546-4547-4548-4549-4550,
2016-03-14T12:44:29Z,2016-03-15T13:00:16Z,,39DD6S19JPC2JTKJEP29SKFZG1IZEV,Approved,2016-03-15T13:00:15Z,3MNJFORX8B5TV92WCAAXWEXKY26F5X,2016-03-14T13:00:15Z,A9317WH3Y1SZ8,,The HIT freezes and won't allow a selection to be made. I am using Chrome.
2016-03-14T13:07:48Z,2016-03-15T13:20:16Z,,373ERPL3YO9V6LGPU3XR53D1AUTTRT,Approved,2016-03-15T13:17:56Z,3MNJFORX8B5TV92WCAAXWEXKY26F5X,2016-03-14T13:17:56Z,AV3P6MAFNWXTI,See comments.,"I was able to easily get past the first sound with the ding a lings, but after I tried the next page I would be able to play the sound, but I would not be able to hear the noises after I scrolled over the choices. Also, even if I chose something, it would not go on to the next page. I did open the survey in Google Chrome and tried it a few times, always with the same issue."
2016-03-14T13:42:18Z,2016-03-15T14:05:16Z,,3YDTZAI2WXHNWV2IH8H4R4JWQXR41L,Approved,2016-03-15T14:00:54Z,3MNJFORX8B5TV92WCAAXWEXKY26F5X,2016-03-14T14:00:54Z,AJ94N3I1A434D,4593-4594-4595-4596-4597-4598-4599-4600-4601-4602,
2016-03-14T14:09:02Z,2016-03-15T14:15:16Z,,34FNN24DCMA2IKHL727NAJ0KXF1Y5Q,Approved,2016-03-15T14:10:21Z,3MNJFORX8B5TV92WCAAXWEXKY26F5X,2016-03-14T14:10:21Z,AUHB9QUG8WFWX,666,"doesnt work! it asks what sound it is, but the options are codes like 54g5h156 and when you hover over submit its a red x."
2016-03-14T14:33:31Z,2016-03-15T14:40:16Z,,3U4J9857OECLSG2TL3800SGF3CQB7F,Approved,2016-03-15T14:35:56Z,3MNJFORX8B5TV92WCAAXWEXKY26F5X,2016-03-14T14:35:56Z,A10Q5YESVR1R5T,4609-4610-4611-4612-4613-4614-4615-4616-4617-4618,
2016-03-14T15:19:08Z,2016-03-15T15:30:16Z,,3RXCAC0YIRQLJBFNBUSKF337UAK8GE,Approved,2016-03-15T15:26:28Z,3MNJFORX8B5TV92WCAAXWEXKY26F5X,2016-03-14T15:26:28Z,A2N9AKAOR17XB3,4839-4840-4841-4842-4843-4844-4845-4846-4847-4850,
2016-03-13T20:40:36Z,2016-03-14T20:50:16Z,,3HVVDCPGTET43MSB8YPLDZ6YDFQYTE,Approved,2016-03-14T20:45:43Z,3J6BHNX0U9T81K0GHLXG68PBXJNNKX,2016-03-13T20:45:43Z,A2JPOXYZM5AJZZ,3080-3083-3085-3089-3091-3095-3097-3101-3105-3109,
2016-03-13T20:41:46Z,2016-03-14T20:50:16Z,,39ZSFO5CA8XT8AC1M3ES88DCJPPUJ8,Approved,2016-03-14T20:47:08Z,3J6BHNX0U9T81K0GHLXG68PBXJNNKX,2016-03-13T20:47:08Z,A3H48WP7WCC75V,3084-3087-3090-3093-3096-3100-3107-3108-3114-3117,This was a fun and unique hit!
2016-03-13T20:43:24Z,2016-03-14T20:50:16Z,,3GNA64GUZE5T9IQZGSQTXXXIY3OQ5D,Approved,2016-03-14T20:48:29Z,3J6BHNX0U9T81K0GHLXG68PBXJNNKX,2016-03-13T20:48:29Z,A2ZQAK456RKNC4,3094-3098-3103-3106-3110-3111-3116-3119-3121-3122,
2016-03-13T20:53:02Z,2016-03-14T21:00:16Z,,3Q8GYXHFEP3PFHGGBAPYDS81UOOC5V,Approved,2016-03-14T20:57:34Z,3J6BHNX0U9T81K0GHLXG68PBXJNNKX,2016-03-13T20:57:34Z,A1R9QXQ1B7VJ2M,3147-3148-3149-3150-3151-3152-3153-3154-3155-3156,The hover-over audio clips stopped working about 8 or so in. I had to refresh to bring them back.
2016-03-13T21:04:16Z,2016-03-14T21:10:16Z,,3HWRJOOET535IHY5JX81WRIWTKASE7,Approved,2016-03-14T21:09:15Z,3J6BHNX0U9T81K0GHLXG68PBXJNNKX,2016-03-13T21:09:15Z,A25RMYO7CORQTH,3183-3184-3186-3188-3190-3192-3194-3196-3197-3199,
2016-03-13T21:05:21Z,2016-03-14T21:10:16Z,,3GFK2QRXX9IYTFMLS1PZPMF4M485WZ,Approved,2016-03-14T21:10:12Z,3J6BHNX0U9T81K0GHLXG68PBXJNNKX,2016-03-13T21:10:12Z,A2O1BJHLTOZ6PF,3185-3187-3189-3191-3193-3195-3198-3201-3202-3204,
2016-03-13T21:09:10Z,2016-03-14T21:15:16Z,,3IFS6Q0HJIKHYM0RFGYSH6GOLDHIS6,Approved,2016-03-14T21:13:43Z,3J6BHNX0U9T81K0GHLXG68PBXJNNKX,2016-03-13T21:13:43Z,A1KD49NG7NA38V,3203-3205-3206-3207-3209-3211-3213-3216-3218-3220,
2016-03-13T21:27:44Z,2016-03-14T21:35:16Z,,33CID57104UF46NIA4U41E04A1E3LF,Approved,2016-03-14T21:30:34Z,3J6BHNX0U9T81K0GHLXG68PBXJNNKX,2016-03-13T21:30:34Z,A2C1K4LKJNLXI7,3281-3283-3285-3286-3288-3289-3290-3291-3292-3294,one of the person made sounds was just trilling... lol. Not sure what to make of that.
2016-03-13T21:38:11Z,2016-03-14T21:45:16Z,,37Z929RLG99770G29SXWVDIXWUYTSZ,Approved,2016-03-14T21:40:49Z,3J6BHNX0U9T81K0GHLXG68PBXJNNKX,2016-03-13T21:40:49Z,A1A67ONSHK22L3,3369-3370-3371-3372-3373-3374-3375-3376-3377-3378,the water noises were the toughest! had to refresh
2016-03-13T22:01:09Z,2016-03-14T22:05:16Z,,3R2PKQ87NW9E0RNMVJ265XHITO1IMW,Approved,2016-03-14T22:04:28Z,3J6BHNX0U9T81K0GHLXG68PBXJNNKX,2016-03-13T22:04:28Z,A6WKO0D7PNZCA,3422-3423-3424-3425-3427-3429-3431-3432-3435-3437,
2016-03-13T22:14:26Z,2016-03-14T22:20:16Z,,352YTHGROVEY06NWJXKPJRZ37K24HV,Approved,2016-03-14T22:17:24Z,3J6BHNX0U9T81K0GHLXG68PBXJNNKX,2016-03-13T22:17:24Z,A29C62CNQKDT34,3501-3502-3503-3504-3505-3506-3507-3508-3509-3510,
2016-03-13T23:29:09Z,2016-03-14T23:35:16Z,,3P529IW9KYMAKI3BUZV62NP1DRLLF8,Approved,2016-03-14T23:32:33Z,3J6BHNX0U9T81K0GHLXG68PBXJNNKX,2016-03-13T23:32:33Z,A3QFR660T2UJBX,3666-3667-3668-3669-3670-3671-3672-3673-3674-3675,
2016-03-13T23:40:49Z,2016-03-14T23:55:16Z,,3HMIGG0U4L7L520N50EQM3ABZ2CY8W,Approved,2016-03-14T23:55:00Z,3J6BHNX0U9T81K0GHLXG68PBXJNNKX,2016-03-13T23:55:00Z,ALJMDVY95Y5G4,3708-3710-3711-3712-3714-3715-3716-3717-3718-3720,
2016-03-13T23:48:57Z,2016-03-15T00:00:16Z,,3VBEN272MK032VUWPSYPWU3860TGSG,Approved,2016-03-14T23:59:34Z,3J6BHNX0U9T81K0GHLXG68PBXJNNKX,2016-03-13T23:59:34Z,A1LHF2FID8QT3R,3719-3721-3722-3723-3724-3725-3726-3727-3728-3729,
2016-03-14T00:08:36Z,2016-03-15T00:15:16Z,,3G5F9DBFOPYXUJ6B3TLCSHZGK41HVM,Approved,2016-03-15T00:11:01Z,3J6BHNX0U9T81K0GHLXG68PBXJNNKX,2016-03-14T00:11:01Z,AK46ZNEC6R89C,3815-3816-3820-3821-3824-3826-3828-3829-3830-3831,
2016-03-14T00:12:04Z,2016-03-15T00:15:16Z,,3EICBYG644XXMGV10CTSE2R6CPPCJN,Approved,2016-03-15T00:13:39Z,3J6BHNX0U9T81K0GHLXG68PBXJNNKX,2016-03-14T00:13:39Z,AEYBQEB0UBZL5,3807-3811-3814-3818-3819-3822-3823-3825-3827-3844,
2016-03-14T00:21:50Z,2016-03-15T00:25:16Z,,3XM0HYN6NK085PIDRG471MDL607PES,Approved,2016-03-15T00:22:52Z,3J6BHNX0U9T81K0GHLXG68PBXJNNKX,2016-03-14T00:22:52Z,ADKKDK6P4MS1Z,3572-3573-3574-3575-3577-3578-3580-3584-3861-3862,
2016-03-14T01:49:53Z,2016-03-15T01:55:16Z,,3K5TEWLKGVCXQEHV9B3XST0VKHJVIW,Approved,2016-03-15T01:54:02Z,3J6BHNX0U9T81K0GHLXG68PBXJNNKX,2016-03-14T01:54:02Z,A3R0LIPJX5J197,3969-3971-3972-3974-3975-3976-3978-3980-3981-3983,
2016-03-14T03:06:33Z,2016-03-15T03:15:16Z,,39K0FND3AHGZU94OJVATOZTZGG3AMR,Approved,2016-03-15T03:10:22Z,3J6BHNX0U9T81K0GHLXG68PBXJNNKX,2016-03-14T03:10:22Z,A3N6XLHBVF03EP,4088-4089-4090-4091-4092-4093-4094-4095-4096-4097,
2016-03-14T03:21:26Z,2016-03-15T03:30:16Z,,3MH9DQ757WDJH8M0EXTPBVLWRXIUGE,Approved,2016-03-15T03:26:23Z,3J6BHNX0U9T81K0GHLXG68PBXJNNKX,2016-03-14T03:26:23Z,A25NIU5AFT2W9B,4121-4122-4123-4124-4125-4128-4130-4131-4132-4133,
2016-03-14T04:44:30Z,2016-03-15T04:45:16Z,,37KGEN7NJ3RC2G730UKIVYCPK7IPPM,Approved,2016-03-15T04:44:38Z,3J6BHNX0U9T81K0GHLXG68PBXJNNKX,2016-03-14T04:44:38Z,A16Q1C0AOXPY8V,4191-4192-4194-4195-4196-4198-4200-4201-4203-4204,
2016-03-14T04:40:10Z,2016-03-15T04:50:16Z,,3QHK8ZVMIMJK71RVPX9AJXYGYT2BLP,Approved,2016-03-15T04:47:35Z,3J6BHNX0U9T81K0GHLXG68PBXJNNKX,2016-03-14T04:47:35Z,A1497L153RMH2L,4193-4197-4199-4202-4206-4207-4209-4212-4215-4217,
2016-03-14T04:57:25Z,2016-03-15T05:15:16Z,,3WYGZ5XF3WG84HQFFJJ4UMV1DHJSK4,Approved,2016-03-15T05:11:28Z,3J6BHNX0U9T81K0GHLXG68PBXJNNKX,2016-03-14T05:11:28Z,AVD6HMIO1HLFI,4218-4219-4220-4221-4222-4223-4224-4227-4229-4231,"After 4 or 5 sounds the page appeared to be bugged.  I clicked to play the sound, which sounded different than the other ""water"" sounds, then 3/4 options would not work.  Only the first one played like 1/10th of a second and it sounded different than the previous options.  The submit button also would not work.  I had to refresh the page a few times to fix it.  Hope it didn't mess things up."
2016-03-14T05:14:04Z,2016-03-15T05:20:16Z,,32Z9ZLUT1LL24ZXE2HZYXP58OBDOH0,Approved,2016-03-15T05:17:34Z,3J6BHNX0U9T81K0GHLXG68PBXJNNKX,2016-03-14T05:17:34Z,A2IC8EN773YBLG,4248-4249-4250-4252-4253-4255-4257-4259-4261-4262,
2016-03-14T07:00:42Z,2016-03-15T07:05:16Z,,3VHP9MDGRNLHHE95HM27Z4ZEJIIFCX,Approved,2016-03-15T07:03:33Z,3J6BHNX0U9T81K0GHLXG68PBXJNNKX,2016-03-14T07:03:33Z,A24TKK39PB67H7,4301-4302-4303-4304-4305-4306-4307-4308-4309-4310,
2016-03-14T07:41:22Z,2016-03-15T07:45:16Z,,3S96KQ6I9M515BXKC2270EWXVR3DT4,Approved,2016-03-15T07:43:33Z,3J6BHNX0U9T81K0GHLXG68PBXJNNKX,2016-03-14T07:43:33Z,A14NP6X071S7GK,4371-4372-4373-4374-4375-4376-4377-4378-4379-4380,
2016-03-14T08:59:07Z,2016-03-15T09:10:16Z,,3JRJSWSMQHM1Y0DQTI70OJAK14ZE3P,Approved,2016-03-15T09:07:49Z,3J6BHNX0U9T81K0GHLXG68PBXJNNKX,2016-03-14T09:07:49Z,A1XVND58QXERU2,4401-4402-4403-4404-4405-4406-4407-4409-4410-4412,I had to refresh the page several times. I would get to the fifth or sixth sound and it would not let me listen to the options or submit. I used Chrome.
2016-03-14T09:01:34Z,2016-03-15T09:10:16Z,,31HQ4X3T3SBJON8X0JV59M8G2HZSLI,Approved,2016-03-15T09:08:57Z,3J6BHNX0U9T81K0GHLXG68PBXJNNKX,2016-03-14T09:08:57Z,A3GEM5OFFF65R5,4408-4411-4413-4414-4415-4416-4417-4418-4419-4420,
2016-03-14T10:12:01Z,2016-03-15T10:20:16Z,,3LYA37P8IQO9NV9D4XX94XL19UUKBU,Approved,2016-03-15T10:15:39Z,3J6BHNX0U9T81K0GHLXG68PBXJNNKX,2016-03-14T10:15:39Z,A200RRZIQW9ZJS,4453-4454-4455-4456-4457-4458-4459-4460-4461-4462,
2016-03-14T11:44:13Z,2016-03-15T11:55:16Z,,3RRCEFRB7MDO9TKAJ5ATXGW5C9OB4H,Approved,2016-03-15T11:52:13Z,3J6BHNX0U9T81K0GHLXG68PBXJNNKX,2016-03-14T11:52:13Z,A3PQUGIQQBPR98,4521-4522-4523-4524-4525-4526-4527-4528-4529-4530,great task
2016-03-13T20:47:09Z,2016-03-14T20:55:16Z,,3JCG6DTRV3RI249X0KEWV8S9UZBQQQ,Approved,2016-03-14T20:50:29Z,3UQ1LLR26A9C17O9TH4CZ2IQNCTLAE,2016-03-13T20:50:29Z,A1YBUA89N9CV2N,3126-3127-3128-3130-3131-3132-3133-3134-3135-3136,
2016-03-13T20:58:58Z,2016-03-14T21:05:16Z,,33L7PJKHCGZPOG1TVURREMIWK0Q8TD,Approved,2016-03-14T21:01:55Z,3UQ1LLR26A9C17O9TH4CZ2IQNCTLAE,2016-03-13T21:01:55Z,AXD11T9KEA9X,3157-3158-3159-3160-3162-3165-3168-3169-3171-3173,
2016-03-13T21:23:01Z,2016-03-14T21:30:16Z,,3DUZQ9U6SMPMKSKRENXBWV6ITFESVE,Approved,2016-03-14T21:27:39Z,3UQ1LLR26A9C17O9TH4CZ2IQNCTLAE,2016-03-13T21:27:39Z,A3SLXZURCF9O67,3264-3265-3266-3269-3270-3272-3273-3274-3275-3279,
2016-03-13T21:30:36Z,2016-03-14T21:35:16Z,,34S6N1K2ZVKUYEUHPPJ6581ET6VLH3,Approved,2016-03-14T21:32:33Z,3UQ1LLR26A9C17O9TH4CZ2IQNCTLAE,2016-03-13T21:32:33Z,A2C1K4LKJNLXI7,3298-3300-3301-3303-3304-3305-3306-3309-3310-3311,this one worked well
2016-03-13T21:34:08Z,2016-03-14T21:40:16Z,,31Q0U3WYDPGKFIK1J6FBUG36HXV17C,Approved,2016-03-14T21:36:24Z,3UQ1LLR26A9C17O9TH4CZ2IQNCTLAE,2016-03-13T21:36:24Z,A1A67ONSHK22L3,3334-3340-3343-3348-3351-3352-3353-3354-3355-3356,had to refresh three times
2016-03-13T21:54:03Z,2016-03-14T22:00:16Z,,3300DTYQT2IT51JSRTJW1R3VBWRQEI,Approved,2016-03-14T21:57:55Z,3UQ1LLR26A9C17O9TH4CZ2IQNCTLAE,2016-03-13T21:57:55Z,APTWD089IRDBV,3382-3383-3384-3387-3391-3393-3394-3399-3402-3404,
2016-03-13T21:55:42Z,2016-03-14T22:00:16Z,,378XPAWRUCEDYQEXYGC1W6MIZ7CIAC,Approved,2016-03-14T21:58:06Z,3UQ1LLR26A9C17O9TH4CZ2IQNCTLAE,2016-03-13T21:58:06Z,A106SSGF1Z74VK,3389-3390-3395-3396-3398-3400-3403-3405-3406-3408,
2016-03-13T22:04:24Z,2016-03-14T22:10:16Z,,3U088ZLJVKUZY80KVVJN8RJD5WYW06,Approved,2016-03-14T22:09:34Z,3UQ1LLR26A9C17O9TH4CZ2IQNCTLAE,2016-03-13T22:09:34Z,A3GPTSDDHJ2DBV,,"The first few sounds I completed well, but after the third one, the sounds wouldn't play when I hover over the radio buttons and the submit button remained greyed out and could not be clicked."
2016-03-13T22:06:33Z,2016-03-14T22:10:16Z,,392CY0QWG1SYW1YGPF2AJ30I7XGI41,Approved,2016-03-14T22:09:44Z,3UQ1LLR26A9C17O9TH4CZ2IQNCTLAE,2016-03-13T22:09:44Z,A29C62CNQKDT34,3452-3461-3463-3465-3466-3467-3468-3469-3470-3471,
2016-03-13T22:09:43Z,2016-03-14T22:15:16Z,,3SPJ0334214APJW6W4BHBTJPFD5JY0,Approved,2016-03-14T22:12:03Z,3UQ1LLR26A9C17O9TH4CZ2IQNCTLAE,2016-03-13T22:12:03Z,A6WKO0D7PNZCA,3473-3474-3475-3476-3478-3480-3482-3483-3485-3487,Funny game although it had to be refreshed after every single sound.
2016-03-13T22:37:08Z,2016-03-14T22:40:16Z,,3M81GAB8A0KVYY78H2H60JXA8ZGBQ5,Approved,2016-03-14T22:39:09Z,3UQ1LLR26A9C17O9TH4CZ2IQNCTLAE,2016-03-13T22:39:09Z,A2VN365XV8A7RY,2185-2191-2194-2197-2201-3532-3533-3535-3538-3542,
2016-03-13T22:34:41Z,2016-03-14T22:45:16Z,,3JAOYWH7VI51J8CYRDVESR3QATPL9F,Approved,2016-03-14T22:40:59Z,3UQ1LLR26A9C17O9TH4CZ2IQNCTLAE,2016-03-13T22:40:59Z,ARHBT4K14I7U,3527-3528-3530-3534-3537-3539-3540-3541-3543-3544,"That was very interesting, but a little confusing. I was not sure if I was supposed to match the tone or pitch. Very fun. Thank you."
2016-03-13T22:40:57Z,2016-03-14T22:50:16Z,,3A4NIXBJ760GQSVSGMZJXD9AASWLME,Approved,2016-03-14T22:46:25Z,3UQ1LLR26A9C17O9TH4CZ2IQNCTLAE,2016-03-13T22:46:25Z,A5ISMILL6IPA9,3545-3550-3553-3555-3556-3557-3558-3559-3562-3565,
2016-03-13T22:44:16Z,2016-03-14T22:50:16Z,,3EQHHY4HQST2WTWLDWLH3JTGSGKG5D,Approved,2016-03-14T22:48:27Z,3UQ1LLR26A9C17O9TH4CZ2IQNCTLAE,2016-03-13T22:48:27Z,A3I4PK485Z5QP9,3560-3561-3563-3564-3566-3567-3568-3569-3570-3571,
2016-03-13T23:09:19Z,2016-03-14T23:15:16Z,,351SEKWQS0IXSG70351VE0151JUMDZ,Approved,2016-03-14T23:13:21Z,3UQ1LLR26A9C17O9TH4CZ2IQNCTLAE,2016-03-13T23:13:21Z,A16QTA8P8LSIJX,3618-3619-3620-3622-3627-3630-3632-3633-3634-3636,
2016-03-13T23:32:37Z,2016-03-14T23:40:16Z,,35H6S234SA10Z07F1JCVRSGRY2J653,Approved,2016-03-14T23:36:40Z,3UQ1LLR26A9C17O9TH4CZ2IQNCTLAE,2016-03-13T23:36:40Z,A3QFR660T2UJBX,3676-3677-3678-3679-3680-3681-3682-3683-3684-3685,
2016-03-13T23:59:40Z,2016-03-15T00:05:16Z,,3PPTZCWALQLRGWAONGX9M14DZ22QZQ,Approved,2016-03-15T00:02:59Z,3UQ1LLR26A9C17O9TH4CZ2IQNCTLAE,2016-03-14T00:02:59Z,A1LHF2FID8QT3R,3730-3731-3733-3735-3736-3738-3740-3744-3746-3749,
2016-03-13T23:55:04Z,2016-03-15T00:05:16Z,,3QJOXOW4XJS2KML0Z0CFKIJQ1VXEMM,Approved,2016-03-15T00:03:09Z,3UQ1LLR26A9C17O9TH4CZ2IQNCTLAE,2016-03-14T00:03:09Z,ALJMDVY95Y5G4,3737-3739-3741-3742-3743-3745-3747-3748-3750-3751,
2016-03-14T00:11:15Z,2016-03-15T00:15:16Z,,3PZDLQMM0TMXGKXTTRN0FL5PAE32CQ,Approved,2016-03-15T00:13:03Z,3UQ1LLR26A9C17O9TH4CZ2IQNCTLAE,2016-03-14T00:13:03Z,AK46ZNEC6R89C,3832-3833-3834-3835-3836-3837-3838-3840-3841-3842,
2016-03-14T00:55:15Z,2016-03-15T01:00:16Z,,308Q0PEVB8EZT74S6AY10BBYTPYI91,Approved,2016-03-15T00:55:22Z,3UQ1LLR26A9C17O9TH4CZ2IQNCTLAE,2016-03-14T00:55:22Z,A30907EBQFNSO7,3903-3904-3906-3907-3908-3909-3910-3912-3913-3915,
2016-03-14T02:13:48Z,2016-03-15T02:20:16Z,,3IAEQB9FMELTXS1E777INY3WZLDWD5,Approved,2016-03-15T02:19:15Z,3UQ1LLR26A9C17O9TH4CZ2IQNCTLAE,2016-03-14T02:19:15Z,A1DEYJ64F6O2P8,4007-4008-4009-4010-4011-4012-4013-4014-4015-4016,
2016-03-14T02:40:20Z,2016-03-15T02:45:16Z,,3LKC68YZ3A4K1PS3XGLYYSFV3ZKWO2,Approved,2016-03-15T02:43:38Z,3UQ1LLR26A9C17O9TH4CZ2IQNCTLAE,2016-03-14T02:43:38Z,A3F82HVRIPI02N,4033-4035-4036-4039-4041-4043-4045-4046-4047-4048,
2016-03-14T02:42:57Z,2016-03-15T02:50:16Z,,3PQ8K71NHXLYS8VZMSKOF8YZMZEAA7,Approved,2016-03-15T02:46:32Z,3UQ1LLR26A9C17O9TH4CZ2IQNCTLAE,2016-03-14T02:46:32Z,ADEWCFG1OTMIA,4049-4050-4051-4052-4053-4054-4055-4056-4057-4058,
2016-03-14T03:10:23Z,2016-03-15T03:15:16Z,,3GNCZX450IO5FC11BB2L53NULLEAPN,Approved,2016-03-15T03:13:20Z,3UQ1LLR26A9C17O9TH4CZ2IQNCTLAE,2016-03-14T03:13:20Z,A3N6XLHBVF03EP,4098-4099-4100-4101-4102-4103-4104-4105-4106-4107,
2016-03-14T04:20:55Z,2016-03-15T04:30:16Z,,3Z4XG4ZF48SW5XAD04SO3P32XWQX8X,Approved,2016-03-15T04:26:59Z,3UQ1LLR26A9C17O9TH4CZ2IQNCTLAE,2016-03-14T04:26:59Z,A20NDRGSZZRQF,4173-4174-4175-4176-4177-4178-4179-4181-4187-4188,thanks
2016-03-14T05:04:21Z,2016-03-15T05:10:16Z,,3XCC1ODXDLCIE5OXDZ3W0Y2EQLTQR7,Approved,2016-03-15T05:09:42Z,3UQ1LLR26A9C17O9TH4CZ2IQNCTLAE,2016-03-14T05:09:42Z,A2IC8EN773YBLG,4225-4226-4228-4230-4232-4233-4234-4235-4236-4237,
2016-03-14T07:05:42Z,2016-03-15T07:10:16Z,,3MD9PLUKKIF6DZXW7O5SI798URQZNN,Approved,2016-03-15T07:07:34Z,3UQ1LLR26A9C17O9TH4CZ2IQNCTLAE,2016-03-14T07:07:34Z,A24TKK39PB67H7,4321-4322-4323-4324-4325-4326-4327-4328-4329-4330,
2016-03-14T07:23:57Z,2016-03-15T07:30:16Z,,3X1FV8S5JXSJUNB0JN3U7HNF54YVGB,Approved,2016-03-15T07:26:39Z,3UQ1LLR26A9C17O9TH4CZ2IQNCTLAE,2016-03-14T07:26:39Z,A3P0G3SA4ZCAKX,4341-4342-4343-4344-4345-4346-4347-4348-4349-4350,
2016-03-14T07:32:01Z,2016-03-15T07:40:16Z,,369J354OFDBYFXWZIFVMVP7GOB8G66,Approved,2016-03-15T07:35:43Z,3UQ1LLR26A9C17O9TH4CZ2IQNCTLAE,2016-03-14T07:35:43Z,A1SZD5X94L2XS4,4351-4352-4353-4354-4355-4356-4357-4358-4359-4360,Thank you! Very interesting!
2016-03-14T07:43:46Z,2016-03-15T07:50:16Z,,3IAS3U3I0FHE6F5NFRR541Z7STEB23,Approved,2016-03-15T07:45:30Z,3UQ1LLR26A9C17O9TH4CZ2IQNCTLAE,2016-03-14T07:45:30Z,A14NP6X071S7GK,4381-4382-4383-4384-4385-4386-4387-4388-4389-4390,
2016-03-13T21:12:26Z,2016-03-14T21:20:16Z,,3EF8EXOTT1WDZDL3KF48X68F8STJ1Z,Approved,2016-03-14T21:18:09Z,30UZJB2POHDYFXM3SF9VV58NVC335E,2016-03-13T21:18:09Z,A1Z3NTRGIUZ240,3221-3222-3223-3225-3230-3233-3234-3237-3240-3241,
2016-03-13T21:16:57Z,2016-03-14T21:25:16Z,,3I02618YA07PULFZHGJC54ZOSOYPU6,Approved,2016-03-14T21:21:11Z,30UZJB2POHDYFXM3SF9VV58NVC335E,2016-03-13T21:21:11Z,A3NI2VT7TAC2KL,3238-3244-3246-3247-3248-3249-3250-3251-3253-3257,
2016-03-13T21:26:31Z,2016-03-14T21:35:16Z,,3HOSI13XHZPUOM1NQC2SVAEBS50DD6,Approved,2016-03-14T21:32:28Z,30UZJB2POHDYFXM3SF9VV58NVC335E,2016-03-13T21:32:28Z,A1DAQPLKVDNYTA,3282-3284-3287-3293-3295-3296-3297-3299-3302-3307,
2016-03-13T21:32:39Z,2016-03-14T21:40:16Z,,3TMSXRD2X61Z5XL2RENNMW2NAO3W18,Approved,2016-03-14T21:35:53Z,30UZJB2POHDYFXM3SF9VV58NVC335E,2016-03-13T21:35:53Z,A2C1K4LKJNLXI7,3319-3321-3328-3330-3336-3339-3342-3344-3347-3350,4-5 of these didn't work again
2016-03-13T21:36:27Z,2016-03-14T21:40:16Z,,3A4TN5196KJ1VA0BCCQ72PBRZXIHCK,Approved,2016-03-14T21:38:08Z,30UZJB2POHDYFXM3SF9VV58NVC335E,2016-03-13T21:38:08Z,A1A67ONSHK22L3,3357-3358-3359-3360-3362-3363-3365-3366-3367-3368,A few refreshes once more.
2016-03-13T22:00:13Z,2016-03-14T22:05:16Z,,3EF8EXOTT1WDZDL3KF48X68F8SW1JK,Approved,2016-03-14T22:00:18Z,30UZJB2POHDYFXM3SF9VV58NVC335E,2016-03-13T22:00:18Z,A6WKO0D7PNZCA,3409-3411-3415-3417-3418-3419-3420-3421,
2016-03-13T22:03:50Z,2016-03-14T22:05:16Z,,3OONKJ5DKCKSDMUS2PP2BE2ATYXBOW,Approved,2016-03-14T22:04:19Z,30UZJB2POHDYFXM3SF9VV58NVC335E,2016-03-13T22:04:19Z,A3GPTSDDHJ2DBV,683-684-685-686-687-688-689-690-691-3438,
2016-03-13T22:01:19Z,2016-03-14T22:10:16Z,,3NGI5ARFTT69LOO1FS9SU2URHR21PK,Approved,2016-03-14T22:06:29Z,30UZJB2POHDYFXM3SF9VV58NVC335E,2016-03-13T22:06:29Z,A29C62CNQKDT34,3426-3428-3430-3433-3434-3436-3439-3440-3441-3446,
2016-03-13T22:29:57Z,2016-03-14T22:35:16Z,,3EICBYG644XXMGV10CTSE2R6CPNCJL,Approved,2016-03-14T22:34:46Z,30UZJB2POHDYFXM3SF9VV58NVC335E,2016-03-13T22:34:46Z,A2LU3UV64GS147,3517-3518-3519-3520-3521-3522-3523-3524-3525-3526,
2016-03-13T22:52:37Z,2016-03-14T23:00:16Z,,32SCWG5HIH54SAPYLYL9PYL8P2J6PO,Approved,2016-03-14T23:00:06Z,30UZJB2POHDYFXM3SF9VV58NVC335E,2016-03-13T23:00:06Z,AFU00NU09CFXE,3576-3579-3581-3582-3583-3585-3586-3587-3588-3590,
2016-03-13T23:03:00Z,2016-03-14T23:10:16Z,,3K2755HG5S4RM6FJHIXIJAHW4IIDFJ,Approved,2016-03-14T23:09:25Z,30UZJB2POHDYFXM3SF9VV58NVC335E,2016-03-13T23:09:25Z,A4KXHU3B0D0X5,3605-3606-3607-3608-3609-3610-3611-3612-3613-3615,The noises were quite interesting to match up.
2016-03-13T23:36:49Z,2016-03-14T23:45:16Z,,3KB8R4ZV1E84L9DUE6CU65T82C7GBF,Approved,2016-03-14T23:40:53Z,30UZJB2POHDYFXM3SF9VV58NVC335E,2016-03-13T23:40:53Z,A3QFR660T2UJBX,3686-3687-3688-3689-3690-3691-3692-3693-3694-3695,"Much smoother on the last three, just had to get through the first one and it started working better I guess, still had to reload but a lot less frequently after the first task, and was able to stay on the same browser."
2016-03-13T23:55:07Z,2016-03-15T00:10:16Z,,386PBUZZXFYQPKP7DPMRHLHT6Y2JL9,Approved,2016-03-15T00:05:46Z,30UZJB2POHDYFXM3SF9VV58NVC335E,2016-03-14T00:05:46Z,ALJMDVY95Y5G4,3754-3756-3757-3760-3762-3763-3767-3770-3771-3776,
2016-03-14T00:03:42Z,2016-03-15T00:10:16Z,,3BXQMRHWKZZJ9IIMP0RKO05TNJRMUB,Approved,2016-03-15T00:06:24Z,30UZJB2POHDYFXM3SF9VV58NVC335E,2016-03-14T00:06:24Z,AK46ZNEC6R89C,3759-3761-3764-3765-3768-3775-3777-3780-3782-3785,
2016-03-14T00:07:25Z,2016-03-15T00:25:16Z,,3R9WASFE2ZHUP7KF90MFA20ZS0TZF5,Approved,2016-03-15T00:21:26Z,30UZJB2POHDYFXM3SF9VV58NVC335E,2016-03-14T00:21:26Z,A1LHF2FID8QT3R,3850-3852-3853-3854-3855-3856-3857-3858-3859-3860,
2016-03-14T00:26:27Z,2016-03-15T00:35:16Z,,3OUYGIZWR7Z9EZ3JJ95SGXBHCZZ0PJ,Approved,2016-03-15T00:30:16Z,30UZJB2POHDYFXM3SF9VV58NVC335E,2016-03-14T00:30:16Z,A35W3CLEP5WXCQ,3871-3872-3873-3874-3875-3876-3877-3878-3879-3880,
2016-03-14T02:46:36Z,2016-03-15T02:55:16Z,,3137ONMDKG62SCPEOXEK7DZT59OEGH,Approved,2016-03-15T02:51:09Z,30UZJB2POHDYFXM3SF9VV58NVC335E,2016-03-14T02:51:09Z,ADEWCFG1OTMIA,4059-4060-4061-4062-4063-4064-4065-4066-4067-4068,
2016-03-14T03:13:30Z,2016-03-15T03:20:16Z,,33OOO72IVHMR0JR6C67WG8EFARKCTW,Approved,2016-03-15T03:16:19Z,30UZJB2POHDYFXM3SF9VV58NVC335E,2016-03-14T03:16:19Z,A3N6XLHBVF03EP,4108-4109-4110-4111-4112-4113-4114-4115-4117-4118,
2016-03-14T03:14:50Z,2016-03-15T03:25:16Z,,3QRYMNZ7FYIARNOX1WGAWJ8R9VYNTP,Approved,2016-03-15T03:21:08Z,30UZJB2POHDYFXM3SF9VV58NVC335E,2016-03-14T03:21:08Z,A3D4EXC8BQW2NH,,The over-over sounds took quite a bit of time to load on the first two samples.  I could not get the far right one to load on the 3rd example.  As such I was unable to submit anything for the sample.  I apologize.
2016-03-14T03:27:51Z,2016-03-15T03:40:16Z,,38F71OA9GTXUQ0LWUBWL204QDWGMFG,Approved,2016-03-15T03:36:44Z,30UZJB2POHDYFXM3SF9VV58NVC335E,2016-03-14T03:36:44Z,A15HU49FIL1WLA,4139-4141-4143-4144-4146-4148-4150-4152-4153-4154,"Had to Refresh often, just FYI"
2016-03-14T03:25:00Z,2016-03-15T03:40:16Z,,37UQDCYH6XW01U0ZQKZ014AM618V71,Approved,2016-03-15T03:37:04Z,30UZJB2POHDYFXM3SF9VV58NVC335E,2016-03-14T03:37:04Z,AJJ646UL1I36G,4134-4135-4136-4138-4140-4142-4145-4147-4149-4151,
2016-03-14T04:07:49Z,2016-03-15T04:20:16Z,,3E1QT0TDFPAZF2LI1ISN0FGN9JM8I8,Approved,2016-03-15T04:18:19Z,30UZJB2POHDYFXM3SF9VV58NVC335E,2016-03-14T04:18:19Z,AVB08YUJHRUBZ,4163-4164-4165-4166-4167-4168-4169-4170-4171-4172,
2016-03-14T05:21:50Z,2016-03-15T05:25:16Z,,3H7XDTSHKCSW9CB59X8QTJ6TCDZWGL,Approved,2016-03-15T05:21:57Z,30UZJB2POHDYFXM3SF9VV58NVC335E,2016-03-14T05:21:57Z,A2IC8EN773YBLG,4264-4265-4266-4267-4268-4269-4270-4271-4272-4273,
2016-03-14T05:58:17Z,2016-03-15T06:10:16Z,,30ZX6P7VF8WKOY3Z3J4M2PIK0YMJ2V,Approved,2016-03-15T06:05:54Z,30UZJB2POHDYFXM3SF9VV58NVC335E,2016-03-14T06:05:54Z,A1TE76A8MFF8EP,,"I could hear the sound perfectly, however for the answer options I couldn't see words instead it looked like this ""4a6bd92772"". Another technical difficulty was that even after selecting an answer I couldn't click submit because it would show the circle with a line crossed in it next to my mouse pointer, as if the function wasn't allowed. I used Chrome and refreshed my page but it didn't fix the issue."
2016-03-14T07:03:33Z,2016-03-15T07:10:16Z,,37Q970SNZE96YG4T79DMP7Z24BLS13,Approved,2016-03-15T07:05:41Z,30UZJB2POHDYFXM3SF9VV58NVC335E,2016-03-14T07:05:41Z,A24TKK39PB67H7,4311-4312-4313-4314-4315-4316-4317-4318-4319-4320,
2016-03-14T07:19:47Z,2016-03-15T07:25:16Z,,3HOSI13XHZPUOM1NQC2SVAEBS5FDDL,Approved,2016-03-15T07:23:47Z,30UZJB2POHDYFXM3SF9VV58NVC335E,2016-03-14T07:23:47Z,A3P0G3SA4ZCAKX,4331-4332-4333-4334-4335-4336-4337-4338-4339-4340,
2016-03-14T07:38:25Z,2016-03-15T07:45:16Z,,34BBWHLWHACA53H0ZL8TEVJ9RQTWIF,Approved,2016-03-15T07:41:14Z,30UZJB2POHDYFXM3SF9VV58NVC335E,2016-03-14T07:41:14Z,A14NP6X071S7GK,4361-4362-4363-4364-4365-4366-4367-4368-4369-4370,
2016-03-14T09:13:58Z,2016-03-15T09:20:16Z,,3WAKVUDHUWH0OFBZLUPV5I83SVIU7W,Approved,2016-03-15T09:17:20Z,30UZJB2POHDYFXM3SF9VV58NVC335E,2016-03-14T09:17:20Z,A3GEM5OFFF65R5,4431-4432-4433-4434-4435-4436-4437-4438-4439-4440,
2016-03-14T10:53:27Z,2016-03-15T11:05:16Z,,35USIKEBNRH4PPDL5J8HL9GDPOZ6NB,Approved,2016-03-15T11:03:33Z,30UZJB2POHDYFXM3SF9VV58NVC335E,2016-03-14T11:03:33Z,APK1BIB6CY4DU,4473-4474-4475-4476-4477-4478-4479-4480-4481-4482,Thank you for a very interesting survey.
2016-03-14T11:28:00Z,2016-03-15T11:35:16Z,,333U7HK6I9G7R81F08O3Y89OXRNJDK,Approved,2016-03-15T11:34:03Z,30UZJB2POHDYFXM3SF9VV58NVC335E,2016-03-14T11:34:03Z,A3JC2GGDCKGN7Y,4489-4490-4491-4492-4493-4494-4495-4496-4497-4498,
2016-03-14T14:58:57Z,2016-03-15T15:05:16Z,,3K5TEWLKGVCXQEHV9B3XST0VKKWIV2,Approved,2016-03-15T15:03:23Z,3LB1BGHFL2X1G2UHIWKJOFAEKHLTY4,2016-03-14T15:03:23Z,AMPMTF5IAAMK8,4627-4631-4635-4637-4638-4641-4649-4652-4655-4656,
2016-03-14T14:59:03Z,2016-03-15T15:05:16Z,,3EF8EXOTT1WDZDL3KF48X68F8VF1J9,Approved,2016-03-15T15:03:42Z,3LB1BGHFL2X1G2UHIWKJOFAEKHLTY4,2016-03-14T15:03:42Z,A2Q1M05B62RWOB,4621-4624-4625-4628-4630-4634-4636-4640-4644-4660,
2016-03-14T14:59:25Z,2016-03-15T15:05:16Z,,3SNLUL3WO4OZ3001POQ5ONQ4NHHLUU,Approved,2016-03-15T15:03:54Z,3LB1BGHFL2X1G2UHIWKJOFAEKHLTY4,2016-03-14T15:03:54Z,A2GU0ORUD7FKHN,4623-4632-4639-4642-4647-4650-4654-4657-4659-4661,
2016-03-14T14:58:53Z,2016-03-15T15:05:16Z,,3IFS6Q0HJIKHYM0RFGYSH6GOLG2ISX,Approved,2016-03-15T15:05:02Z,3LB1BGHFL2X1G2UHIWKJOFAEKHLTY4,2016-03-14T15:05:02Z,A2L552OCPU5N1Q,4620-4622-4626-4643-4645-4648-4651-4669-4678-4682,
2016-03-14T15:03:54Z,2016-03-15T15:05:16Z,,31LM9EDVOLTGDKSSP226UDLIBXNNJ8,Approved,2016-03-15T15:05:02Z,3LB1BGHFL2X1G2UHIWKJOFAEKHLTY4,2016-03-14T15:05:02Z,AHPOOKYE7V04D,486-489-493-496-499-505-4666-4672-4684-4688,
2016-03-14T15:01:54Z,2016-03-15T15:10:16Z,,33NF62TLXJ3F5E7PSPAQ2L4EH1GJKV,Approved,2016-03-15T15:05:26Z,3LB1BGHFL2X1G2UHIWKJOFAEKHLTY4,2016-03-14T15:05:26Z,A3LCCOZXS7WJIH,4653-4658-4662-4663-4671-4680-4686-4691-4694-4697,
2016-03-14T15:04:26Z,2016-03-15T15:15:16Z,,3HYA4D452RK4JWH3KTD1NRQS7VGF27,Approved,2016-03-15T15:10:43Z,3LB1BGHFL2X1G2UHIWKJOFAEKHLTY4,2016-03-14T15:10:43Z,A3U0A3LP7Q38JC,4712-4721-4730-4734-4738-4742-4746-4750-4760-4769,it was great; thanks!
2016-03-14T15:08:42Z,2016-03-15T15:15:16Z,,3ZPBJO59KP2B026PC8LIMVT9K1KHDI,Approved,2016-03-15T15:12:39Z,3LB1BGHFL2X1G2UHIWKJOFAEKHLTY4,2016-03-14T15:12:39Z,A2A3QA1VCMLUSX,4772-4773-4775-4776-4777-4778-4781-4782-4785-4792,There arent any words to choose there are only random letters and numbers for the choices
2016-03-14T15:08:46Z,2016-03-15T15:15:16Z,,3WYGZ5XF3WG84HQFFJJ4UMV1DLYSKR,Approved,2016-03-15T15:13:52Z,3LB1BGHFL2X1G2UHIWKJOFAEKHLTY4,2016-03-14T15:13:52Z,A27OGISRWE6VT7,4744-4747-4751-4759-4784-4795-4799-4804-4806-4809,make sure flash is only loaded for this tab otherwise you may have problems loading the sounds
2016-03-14T15:06:46Z,2016-03-15T15:20:16Z,,34MAJL3QP4OJ6YGX4CVNFXYTOJ943L,Approved,2016-03-15T15:17:01Z,3LB1BGHFL2X1G2UHIWKJOFAEKHLTY4,2016-03-14T15:17:01Z,A2WQTSU6SSBUWC,4813-4817-4824-4825-4828-4829-4832-4833-4834-4835,
2016-03-14T15:07:15Z,2016-03-15T15:20:16Z,,3HOSI13XHZPUOM1NQC2SVAEBS8NDDZ,Approved,2016-03-15T15:18:51Z,3LB1BGHFL2X1G2UHIWKJOFAEKHLTY4,2016-03-14T15:18:51Z,A2N9AKAOR17XB3,4763-4779-4790-4796-4801-4820-4831-4836-4837-4838,
2016-03-14T15:50:50Z,2016-03-15T16:00:16Z,,3C8HJ7UOP7V0VHCWVNQS5SK8P5PZM4,Approved,2016-03-15T15:56:06Z,3LB1BGHFL2X1G2UHIWKJOFAEKHLTY4,2016-03-14T15:56:06Z,A37YUMGGZJ4BE4,4892-4893-4894-4895-4896-4897-4898-4899-4900-4901,
2016-03-14T16:15:28Z,2016-03-15T16:25:16Z,,3J2UYBXQQLD14TLE4D6JAXK0HZY60I,Approved,2016-03-15T16:21:11Z,3LB1BGHFL2X1G2UHIWKJOFAEKHLTY4,2016-03-14T16:21:11Z,A5TI9UQEPLNWI,4942-4943-4944-4945-4946-4949-4951-4953-4954-4955,
2016-03-14T18:18:50Z,2016-03-15T18:20:16Z,,37TD41K0AHAQLJERN62663IT8D1SCS,Approved,2016-03-15T18:18:58Z,3LB1BGHFL2X1G2UHIWKJOFAEKHLTY4,2016-03-14T18:18:58Z,ASO42PMY67Q6C,,
2016-03-14T18:18:46Z,2016-03-15T18:25:16Z,,3OHYZ19UGC6NUCP0WBP6G3I4BLEAOC,Approved,2016-03-15T18:22:51Z,3LB1BGHFL2X1G2UHIWKJOFAEKHLTY4,2016-03-14T18:22:51Z,A2EE1ES8TUMNCM,5110-5111-5112-5113-5114-5116-5118-5119-5122-5124,
2016-03-14T18:34:26Z,2016-03-15T18:45:16Z,,38YMOXR4MU0UCJMZXKZ4HST4I4OW6L,Approved,2016-03-15T18:40:42Z,3LB1BGHFL2X1G2UHIWKJOFAEKHLTY4,2016-03-14T18:40:42Z,A306Y2U0ZW4XOM,5161-5162-5163-5164-5165-5166-5167-5168-5169-5170,
2016-03-14T18:57:36Z,2016-03-15T19:00:16Z,,320DUZ38G7NA3SB62YPB4TCLAMJJGG,Approved,2016-03-15T18:59:47Z,3LB1BGHFL2X1G2UHIWKJOFAEKHLTY4,2016-03-14T18:59:47Z,A2O8U9FCUBQA97,5171-5172-5173-5176-5177-5178-5179-5180-5181-5182,This was a very entertaining hit!
2016-03-14T19:38:15Z,2016-03-15T19:45:16Z,,3SBEHTYCWN4EU8C0EMQHZS4P23QIY7,Approved,2016-03-15T19:40:41Z,3LB1BGHFL2X1G2UHIWKJOFAEKHLTY4,2016-03-14T19:40:41Z,A1MT0NW38SFE9Q,5245-5246-5247-5248-5249-5250-5251-5253-5255-5257,
2016-03-14T20:33:39Z,2016-03-15T20:40:16Z,,3F6KKYWMNB23AYS0F6GVRFQ56FUDNS,Approved,2016-03-15T20:37:46Z,3LB1BGHFL2X1G2UHIWKJOFAEKHLTY4,2016-03-14T20:37:46Z,A13GUGPF6TCWH8,5294-5295-5296-5297-5298-5299-5300-5301-5302-5303,
2016-03-14T21:21:41Z,2016-03-15T21:30:16Z,,3IQ1VMJRYTLKNPLUUM6OJDNFGNTA91,Approved,2016-03-15T21:26:03Z,3LB1BGHFL2X1G2UHIWKJOFAEKHLTY4,2016-03-14T21:26:03Z,A29V6CGDSUORZ1,5366-5367-5368-5369-5370-5371-5372-5373-5374-5375,
2016-03-14T21:30:40Z,2016-03-15T21:35:16Z,,3WR9XG3T63C17HHK6OYDSEA9TNC74E,Approved,2016-03-15T21:34:37Z,3LB1BGHFL2X1G2UHIWKJOFAEKHLTY4,2016-03-14T21:34:37Z,A20OP1ZK81I95J,5384-5385-5386-5387-5388-5389-5390-5391-5393-5394,
2016-03-14T15:07:09Z,2016-03-15T15:15:16Z,,33UKMF9319L8M0THYS2M5IEJYH2TTM,Approved,2016-03-15T15:10:28Z,3VO4XFFP15N5926OEJ0O6XFUWBE7Q4,2016-03-14T15:10:28Z,A2A3QA1VCMLUSX,4729-4731-4732-4748-4753-4756-4758-4762-4765-4766,
2016-03-14T15:11:28Z,2016-03-15T15:15:16Z,,3XCC1ODXDLCIE5OXDZ3W0Y2EQPAQRW,Approved,2016-03-15T15:14:28Z,3VO4XFFP15N5926OEJ0O6XFUWBE7Q4,2016-03-14T15:14:28Z,A3SPK663JVTOB3,4791-4797-4800-4802-4807-4810-4818-4819-4821-4823,
2016-03-14T15:57:58Z,2016-03-15T16:05:16Z,,3BEFOD78W6UKSKO7AU02BW7ZOBQM4L,Approved,2016-03-15T16:00:38Z,3VO4XFFP15N5926OEJ0O6XFUWBE7Q4,2016-03-14T16:00:38Z,A37YUMGGZJ4BE4,4902-4903-4904-4905-4906-4907-4908-4909-4910-4911,
2016-03-14T17:15:42Z,2016-03-15T17:20:16Z,,3AUQQEL7U5UMJJ0F5LERMP0ZYSTV02,Approved,2016-03-15T17:18:41Z,3VO4XFFP15N5926OEJ0O6XFUWBE7Q4,2016-03-14T17:18:41Z,A2F1JTU06CO6VD,4989-4990-4991-4992-4993-4994-4995-4996-4997-4998,
2016-03-14T17:28:41Z,2016-03-15T17:35:16Z,,3S0TNUHWKTJI7R5W94RC9I0AHJ3D8A,Approved,2016-03-15T17:32:33Z,3VO4XFFP15N5926OEJ0O6XFUWBE7Q4,2016-03-14T17:32:33Z,A35DC4M3QVHVMQ,5010-5011-5014-5015-5017-5021-5022-5024-5025-5026,
2016-03-14T18:06:37Z,2016-03-15T18:15:16Z,,33CID57104UF46NIA4U41E04A6G3LR,Approved,2016-03-15T18:11:55Z,3VO4XFFP15N5926OEJ0O6XFUWBE7Q4,2016-03-14T18:11:55Z,A2EE1ES8TUMNCM,5048-5049-5050-5055-5056-5058-5062-5064-5068-5071,
2016-03-14T18:15:11Z,2016-03-15T18:20:16Z,,3JC6VJ2SABK1M2JIRWT77XIDUQ9A57,Approved,2016-03-15T18:18:44Z,3VO4XFFP15N5926OEJ0O6XFUWBE7Q4,2016-03-14T18:18:44Z,ASO42PMY67Q6C,5090-5091-5092-5094-5096-5099-5101-5103-5105-5108,
2016-03-14T18:19:28Z,2016-03-15T18:25:16Z,,3J2UYBXQQLD14TLE4D6JAXK0HZ806M,Approved,2016-03-15T18:24:36Z,3VO4XFFP15N5926OEJ0O6XFUWBE7Q4,2016-03-14T18:24:36Z,A1AQILM7ERX2D0,5115-5117-5120-5121-5123-5125-5126-5127-5129-5130,
2016-03-14T18:28:48Z,2016-03-15T18:40:16Z,,30MVJZJNHMEVOIOYOSJ1CCQY69MJ9N,Approved,2016-03-15T18:37:11Z,3VO4XFFP15N5926OEJ0O6XFUWBE7Q4,2016-03-14T18:37:11Z,A1O5AOA8DJHUV6,,"I am submitting this because otherwise I won't be able to leave feedback.  I had a few problems in my version of the task, it loaded and played the audio but the choices were Hex codes (6ed74f68 for example)  each choice was a different code.  I tried selecting a random one and going to the next question but each one had the same problem, and at some point it would not let me continue, the submit button would not turn dark.  I tried clearing my cache and using chrome and firefox browsers both had the same results.

I hope you are able to resolve this issue, sorry I could not complete the task but I hope this information helps."
2016-03-14T18:59:51Z,2016-03-15T19:05:16Z,,35K3O9HUABEWECTJDD82PSZH4ZNEFR,Approved,2016-03-15T19:03:45Z,3VO4XFFP15N5926OEJ0O6XFUWBE7Q4,2016-03-14T19:03:45Z,A2O8U9FCUBQA97,5183-5184-5185-5186-5187-5188-5189-5190-5191-5192,Hilarious!
2016-03-14T19:40:45Z,2016-03-15T19:45:16Z,,3KJYX6QCM9CTLP11RTOX4UFVX1DJVB,Approved,2016-03-15T19:43:11Z,3VO4XFFP15N5926OEJ0O6XFUWBE7Q4,2016-03-14T19:43:11Z,A1MT0NW38SFE9Q,5260-5261-5262-5263-5264-5265-5266-5267-5268-5269,
2016-03-14T20:42:27Z,2016-03-15T20:50:16Z,,3MX2NQ3YC9VDIFRB26LLR5TBVC8X5Q,Approved,2016-03-15T20:49:59Z,3VO4XFFP15N5926OEJ0O6XFUWBE7Q4,2016-03-14T20:49:59Z,A13GUGPF6TCWH8,5314-5316-5317-5318-5320-5321-5322-5323-5324-5325,
2016-03-14T21:26:07Z,2016-03-15T21:35:16Z,,3QAVNHZ3EM5FORM3JJ9EOMEAGHBLAA,Approved,2016-03-15T21:31:16Z,3VO4XFFP15N5926OEJ0O6XFUWBE7Q4,2016-03-14T21:31:16Z,A29V6CGDSUORZ1,,had issues with playing any of the sounds when i scrolled over the letters. i tried refreshing a few times to no avail.
2016-03-14T15:04:02Z,2016-03-15T15:10:16Z,,3UWN2HHPUY69CNBICWBKMEC57G0NSO,Approved,2016-03-15T15:06:52Z,3RWB1RTQDJOO94ASOBD5KSLF2ZXP8H,2016-03-14T15:06:52Z,A2Q1M05B62RWOB,4674-4676-4683-4693-4696-4700-4702-4706-4711-4715,
2016-03-14T15:05:36Z,2016-03-15T15:10:16Z,,3DH6GAKTYYQ0PY1AEQE3ZN7FYF5YZV,Approved,2016-03-15T15:09:10Z,3RWB1RTQDJOO94ASOBD5KSLF2ZXP8H,2016-03-14T15:09:10Z,A2L552OCPU5N1Q,4707-4713-4714-4717-4720-4725-4726-4737-4740-4743,
2016-03-14T15:31:34Z,2016-03-15T15:40:16Z,,3UN61F00HWQTLJ5ZT7FT2N7NUT2R5Z,Approved,2016-03-15T15:39:20Z,3RWB1RTQDJOO94ASOBD5KSLF2ZXP8H,2016-03-14T15:39:20Z,A1R96FD3ECMNY,4869-4871-4873-4875-4882-4885-4886-4888-4889-4890,"It was strange how all the sounds appeared as numbers and I had to mouseover a certain part of them to hear them.

Also, I had to refresh twice when I encountered problems (like not being able to hear the mouseover sounds or press the submit button).

I don't think I was very good at guessing these, but this was to figure out what I'd guess, right? I hope it's not graded on how good of a guesser I am."
2016-03-14T16:00:42Z,2016-03-15T16:05:16Z,,3DUZQ9U6SMPMKSKRENXBWV6ITK5VSI,Approved,2016-03-15T16:03:21Z,3RWB1RTQDJOO94ASOBD5KSLF2ZXP8H,2016-03-14T16:03:21Z,A37YUMGGZJ4BE4,4912-4913-4914-4915-4917-4918-4919-4921-4922-4923,
2016-03-14T16:00:59Z,2016-03-15T16:10:16Z,,3TOK3KHVJTJ5BAR2P8DM6CGEADVO7M,Approved,2016-03-15T16:07:55Z,3RWB1RTQDJOO94ASOBD5KSLF2ZXP8H,2016-03-14T16:07:55Z,A15EJZX635SAAI,4916-4920-4924-4927-4928-4930-4933-4934-4936-4938,Fun!
2016-03-14T18:10:07Z,2016-03-15T18:15:16Z,,3YGXWBAF70I7JYCGX56O802NUXZ4CY,Approved,2016-03-15T18:15:02Z,3RWB1RTQDJOO94ASOBD5KSLF2ZXP8H,2016-03-14T18:15:02Z,ASO42PMY67Q6C,5069-5070-5072-5073-5074-5076-5080-5081-5083-5086,
2016-03-14T18:12:06Z,2016-03-15T18:20:16Z,,3IAEQB9FMELTXS1E777INY3WZQ9DWS,Approved,2016-03-15T18:15:38Z,3RWB1RTQDJOO94ASOBD5KSLF2ZXP8H,2016-03-14T18:15:38Z,A2EE1ES8TUMNCM,5075-5077-5078-5079-5082-5084-5085-5087-5088-5089,
2016-03-14T19:06:41Z,2016-03-15T19:10:16Z,,3JRJSWSMQHM1Y0DQTI70OJAK19J3E8,Approved,2016-03-15T19:09:53Z,3RWB1RTQDJOO94ASOBD5KSLF2ZXP8H,2016-03-14T19:09:53Z,A2O8U9FCUBQA97,5203-5204-5205-5206-5207-5208-5209-5210-5211-5212,Great hits!  Thanks!
2016-03-14T19:43:15Z,2016-03-15T19:50:16Z,,3GS6S824SQY2J4SRW1LLJ3FQDUKNWT,Approved,2016-03-15T19:46:04Z,3RWB1RTQDJOO94ASOBD5KSLF2ZXP8H,2016-03-14T19:46:04Z,A1MT0NW38SFE9Q,5270-5271-5272-5273-5274-5275-5276-5277-5278-5279,
2016-03-14T20:54:11Z,2016-03-15T21:00:16Z,,3IGI0VL647LUEVJP5FUB2924AT6NO4,Approved,2016-03-15T20:57:08Z,3RWB1RTQDJOO94ASOBD5KSLF2ZXP8H,2016-03-14T20:57:08Z,A13GUGPF6TCWH8,5326-5327-5328-5329-5330-5331-5332-5333-5334-5335,
2016-03-14T21:05:52Z,2016-03-15T21:15:16Z,,38YMOXR4MU0UCJMZXKZ4HST4I5JW6I,Approved,2016-03-15T21:12:59Z,3RWB1RTQDJOO94ASOBD5KSLF2ZXP8H,2016-03-14T21:12:59Z,A2O040YELYBMJP,5336-5339-5342-5343-5344-5345-5350-5352-5354-5355,
2016-03-14T21:14:26Z,2016-03-15T21:25:16Z,,3M23Y66PO281525QDFP3K3QJCSQS62,Approved,2016-03-15T21:20:17Z,3RWB1RTQDJOO94ASOBD5KSLF2ZXP8H,2016-03-14T21:20:17Z,A29V6CGDSUORZ1,5356-5357-5358-5359-5360-5361-5362-5363-5364-5365,
2016-03-14T15:09:15Z,2016-03-15T15:10:16Z,,369J354OFDBYFXWZIFVMVP7GOFKG6Q,Approved,2016-03-15T15:09:47Z,3D5G8J4N5A5KC8ZCDLXZHG6K20LTVX,2016-03-14T15:09:47Z,AHPOOKYE7V04D,4703-4709-4716-4719-4723-4728-4733-4735-4739-4749,very buggy
2016-03-14T15:17:58Z,2016-03-15T15:30:16Z,,3QEMNNSB2X0E7D0DZZZ6VI4F6YWD7K,Approved,2016-03-15T15:27:51Z,3D5G8J4N5A5KC8ZCDLXZHG6K20LTVX,2016-03-14T15:27:51Z,A2WQTSU6SSBUWC,4848-4849-4851-4852-4853-4854-4855-4856-4857-4858,
2016-03-14T15:28:04Z,2016-03-15T15:35:16Z,,336KAV9KYQTAJNYYPJ5PCCX8D6O2Y9,Approved,2016-03-15T15:33:06Z,3D5G8J4N5A5KC8ZCDLXZHG6K20LTVX,2016-03-14T15:33:06Z,A1H44K4HKF6ODI,4859-4860-4861-4862-4863-4864-4865-4866-4867-4868,
2016-03-14T16:03:24Z,2016-03-15T16:10:16Z,,3RSDURM96AN2E3AEI30QED6XAAZEYA,Approved,2016-03-15T16:07:03Z,3D5G8J4N5A5KC8ZCDLXZHG6K20LTVX,2016-03-14T16:07:03Z,A37YUMGGZJ4BE4,4925-4926-4929-4931-4932-4935-4937-4939-4940-4941,
2016-03-14T16:54:01Z,2016-03-15T17:05:16Z,,34S6N1K2ZVKUYEUHPPJ6581ETBTHL7,Approved,2016-03-15T17:03:47Z,3D5G8J4N5A5KC8ZCDLXZHG6K20LTVX,2016-03-14T17:03:47Z,A75N0N2PWNC9Q,4963-4964-4965-4966-4967-4968-4971-4973-4976-4978,
2016-03-14T17:02:13Z,2016-03-15T17:05:16Z,,33NF62TLXJ3F5E7PSPAQ2L4EH3RJKA,Approved,2016-03-15T17:05:10Z,3D5G8J4N5A5KC8ZCDLXZHG6K20LTVX,2016-03-14T17:05:10Z,A3ES1NG47IJXAV,4969-4972-4975-4977-4979-4980-4981-4983-4984-4986,
2016-03-14T17:26:18Z,2016-03-15T17:35:16Z,,3OE22WJIGIPAUXGEHTY159PYXPJUQB,Approved,2016-03-15T17:32:31Z,3D5G8J4N5A5KC8ZCDLXZHG6K20LTVX,2016-03-14T17:32:31Z,ASRI4XGCPE999,5007-5008-5009-5012-5013-5016-5018-5019-5020-5023,no comment
2016-03-14T17:32:43Z,2016-03-15T17:35:16Z,,3JCG6DTRV3RI249X0KEWV8S9U4EQQ3,Approved,2016-03-15T17:34:43Z,3D5G8J4N5A5KC8ZCDLXZHG6K20LTVX,2016-03-14T17:34:43Z,A35DC4M3QVHVMQ,5027-5028-5029-5030-5031-5032-5033-5034-5035-5036,
2016-03-14T18:01:42Z,2016-03-15T18:10:16Z,,3YJ6NA41JBHGG5455HFYY2QDBD2PJM,Approved,2016-03-15T18:09:42Z,3D5G8J4N5A5KC8ZCDLXZHG6K20LTVX,2016-03-14T18:09:42Z,ASO42PMY67Q6C,5040-5041-5042-5043-5044-5045-5046-5047-5051-5053,Had problems with some of the pages loading correctly.
2016-03-14T18:08:13Z,2016-03-15T18:15:16Z,,3P4RDNWND57OZJH1SMPEP5P1PZ8IJ4,Approved,2016-03-15T18:11:01Z,3D5G8J4N5A5KC8ZCDLXZHG6K20LTVX,2016-03-14T18:11:01Z,A2LU3UV64GS147,5052-5054-5057-5059-5060-5061-5063-5065-5066-5067,
2016-03-14T18:15:53Z,2016-03-15T18:20:16Z,,3EF8EXOTT1WDZDL3KF48X68F8XXJ1D,Approved,2016-03-15T18:18:42Z,3D5G8J4N5A5KC8ZCDLXZHG6K20LTVX,2016-03-14T18:18:42Z,A2EE1ES8TUMNCM,5093-5095-5097-5098-5100-5102-5104-5106-5107-5109,
2016-03-14T19:03:47Z,2016-03-15T19:10:16Z,,3IFS6Q0HJIKHYM0RFGYSH6GOLIPISO,Approved,2016-03-15T19:06:25Z,3D5G8J4N5A5KC8ZCDLXZHG6K20LTVX,2016-03-14T19:06:25Z,A2O8U9FCUBQA97,5193-5194-5195-5196-5197-5198-5199-5200-5201-5202,
2016-03-14T19:24:34Z,2016-03-15T19:30:16Z,,3HMIGG0U4L7L520N50EQM3ABZ7I8YM,Approved,2016-03-15T19:28:04Z,3D5G8J4N5A5KC8ZCDLXZHG6K20LTVX,2016-03-14T19:28:04Z,A2NHIKI290Q7ML,5214-5215-5216-5217-5218-5219-5220-5221-5222-5223,
2016-03-14T19:33:40Z,2016-03-15T19:40:16Z,,3MAOD8E57QBH84XH66H7LMTXMWOXNU,Approved,2016-03-15T19:38:10Z,3D5G8J4N5A5KC8ZCDLXZHG6K20LTVX,2016-03-14T19:38:10Z,A1MT0NW38SFE9Q,5230-5231-5232-5234-5236-5238-5240-5241-5243-5244,Thank you very much for an interesting listening experience! Good luck with your results!
2016-03-14T19:40:58Z,2016-03-15T19:45:16Z,,3LBXNTKX0RWWJ2TN5WY23LYDH799X9,Approved,2016-03-15T19:41:08Z,3D5G8J4N5A5KC8ZCDLXZHG6K20LTVX,2016-03-14T19:41:08Z,A1SMQXBREFOZCS,5233-5235-5237-5239-5242-5252-5254-5256-5258-5259,
2016-03-14T19:59:27Z,2016-03-15T20:05:16Z,,3DBQWDE4Y6Z86LD700YCT32DTXM5N0,Approved,2016-03-15T20:02:52Z,3D5G8J4N5A5KC8ZCDLXZHG6K20LTVX,2016-03-14T20:02:52Z,A2GLO2ONQZCRXJ,5280-5281-5282-5283-5284-5285-5286-5287-5288-5289,
2016-03-14T20:37:50Z,2016-03-15T20:45:16Z,,32ZKVD547FO3RX16JR5ANB4ZYDS3BW,Approved,2016-03-15T20:42:19Z,3D5G8J4N5A5KC8ZCDLXZHG6K20LTVX,2016-03-14T20:42:19Z,A13GUGPF6TCWH8,5304-5305-5306-5307-5308-5309-5310-5311-5312-5313,
2016-03-14T21:06:51Z,2016-03-15T21:15:16Z,,3J88R45B2GZHBP9UMLUZPBYSMCGPXB,Approved,2016-03-15T21:12:05Z,3D5G8J4N5A5KC8ZCDLXZHG6K20LTVX,2016-03-14T21:12:05Z,A2M9RPX7LRTDAD,5337-5338-5340-5341-5346-5347-5348-5349-5351-5353,Some times it didn't work well.
